type,year,city,n
Yerli,2000,Adana,15
Yerli,2000,Adiyaman,2
Yerli,2000,Afyonkarahisar,0
Yerli,2000,Agri,0
Yerli,2000,Aksaray,0
Yerli,2000,Amasya,0
Yerli,2000,Ankara,114
Yerli,2000,Antalya,7
Yerli,2000,Ardahan,0
Yerli,2000,Artvin,0
Yerli,2000,Aydin,3
Yerli,2000,Balikesir,0
Yerli,2000,Bartin,4
Yerli,2000,Batman,7
Yerli,2000,Bayburt,0
Yerli,2000,Bilecik,0
Yerli,2000,Bingol,0
Yerli,2000,Bitlis,0
Yerli,2000,Bolu,0
Yerli,2000,Burdur,0
Yerli,2000,Bursa,16
Yerli,2000,Canakkale,0
Yerli,2000,Cankiri,0
Yerli,2000,Corum,11
Yerli,2000,Denizli,0
Yerli,2000,Diyarbakir,7
Yerli,2000,Duzce,0
Yerli,2000,Edirne,65
Yerli,2000,Elazig,10
Yerli,2000,Erzincan,0
Yerli,2000,Erzurum,6
Yerli,2000,Eskisehir,2
Yerli,2000,Gaziantep,0
Yerli,2000,Giresun,3
Yerli,2000,Gumushane,0
Yerli,2000,Hakkari,0
Yerli,2000,Hatay,3
Yerli,2000,Igdir,0
Yerli,2000,Isparta,1
Yerli,2000,Istanbul,188
Yerli,2000,Izmir,28
Yerli,2000,Kahramanmaras,0
Yerli,2000,Karabuk,0
Yerli,2000,Karaman,0
Yerli,2000,Kars,0
Yerli,2000,Kastamonu,0
Yerli,2000,Kayseri,0
Yerli,2000,Kilis,0
Yerli,2000,Kirikkale,0
Yerli,2000,Kirklareli,0
Yerli,2000,Kirsehir,0
Yerli,2000,Kocaeli,5
Yerli,2000,Konya,3
Yerli,2000,Kutahya,0
Yerli,2000,Malatya,6
Yerli,2000,Manisa,0
Yerli,2000,Mardin,0
Yerli,2000,Mersin,2
Yerli,2000,Mugla,2
Yerli,2000,Mus,0
Yerli,2000,Nevsehir,0
Yerli,2000,Nigde,0
Yerli,2000,Ordu,0
Yerli,2000,Osmaniye,0
Yerli,2000,Rize,0
Yerli,2000,Sakarya,0
Yerli,2000,Samsun,10
Yerli,2000,Sanliurfa,0
Yerli,2000,Siirt,0
Yerli,2000,Sinop,0
Yerli,2000,Sirnak,0
Yerli,2000,Sivas,5
Yerli,2000,Tekirdag,0
Yerli,2000,Tokat,0
Yerli,2000,Trabzon,6
Yerli,2000,Tunceli,0
Yerli,2000,Usak,0
Yerli,2000,Van,10
Yerli,2000,Yalova,2
Yerli,2000,Yozgat,0
Yerli,2000,Zonguldak,4
Yerli,2001,Adana,13
Yerli,2001,Adiyaman,0
Yerli,2001,Afyonkarahisar,0
Yerli,2001,Agri,0
Yerli,2001,Aksaray,0
Yerli,2001,Amasya,0
Yerli,2001,Ankara,70
Yerli,2001,Antalya,11
Yerli,2001,Ardahan,0
Yerli,2001,Artvin,0
Yerli,2001,Aydin,4
Yerli,2001,Balikesir,0
Yerli,2001,Bartin,5
Yerli,2001,Batman,0
Yerli,2001,Bayburt,0
Yerli,2001,Bilecik,0
Yerli,2001,Bingol,0
Yerli,2001,Bitlis,0
Yerli,2001,Bolu,0
Yerli,2001,Burdur,0
Yerli,2001,Bursa,20
Yerli,2001,Canakkale,0
Yerli,2001,Cankiri,0
Yerli,2001,Corum,1
Yerli,2001,Denizli,0
Yerli,2001,Diyarbakir,5
Yerli,2001,Duzce,0
Yerli,2001,Edirne,9
Yerli,2001,Elazig,0
Yerli,2001,Erzincan,0
Yerli,2001,Erzurum,4
Yerli,2001,Eskisehir,5
Yerli,2001,Gaziantep,0
Yerli,2001,Giresun,2
Yerli,2001,Gumushane,0
Yerli,2001,Hakkari,0
Yerli,2001,Hatay,1
Yerli,2001,Igdir,0
Yerli,2001,Isparta,0
Yerli,2001,Istanbul,149
Yerli,2001,Izmir,17
Yerli,2001,Kahramanmaras,0
Yerli,2001,Karabuk,0
Yerli,2001,Karaman,0
Yerli,2001,Kars,0
Yerli,2001,Kastamonu,0
Yerli,2001,Kayseri,0
Yerli,2001,Kilis,0
Yerli,2001,Kirikkale,0
Yerli,2001,Kirklareli,0
Yerli,2001,Kirsehir,0
Yerli,2001,Kocaeli,7
Yerli,2001,Konya,2
Yerli,2001,Kutahya,0
Yerli,2001,Malatya,10
Yerli,2001,Manisa,0
Yerli,2001,Mardin,0
Yerli,2001,Mersin,1
Yerli,2001,Mugla,2
Yerli,2001,Mus,0
Yerli,2001,Nevsehir,0
Yerli,2001,Nigde,0
Yerli,2001,Ordu,5
Yerli,2001,Osmaniye,0
Yerli,2001,Rize,0
Yerli,2001,Sakarya,0
Yerli,2001,Samsun,8
Yerli,2001,Sanliurfa,0
Yerli,2001,Siirt,0
Yerli,2001,Sinop,0
Yerli,2001,Sirnak,0
Yerli,2001,Sivas,10
Yerli,2001,Tekirdag,0
Yerli,2001,Tokat,0
Yerli,2001,Trabzon,6
Yerli,2001,Tunceli,0
Yerli,2001,Usak,0
Yerli,2001,Van,6
Yerli,2001,Yalova,0
Yerli,2001,Yozgat,0
Yerli,2001,Zonguldak,3
Yerli,2002,Adana,4
Yerli,2002,Adiyaman,0
Yerli,2002,Afyonkarahisar,0
Yerli,2002,Agri,0
Yerli,2002,Aksaray,0
Yerli,2002,Amasya,0
Yerli,2002,Ankara,86
Yerli,2002,Antalya,7
Yerli,2002,Ardahan,0
Yerli,2002,Artvin,0
Yerli,2002,Aydin,21
Yerli,2002,Balikesir,0
Yerli,2002,Bartin,4
Yerli,2002,Batman,0
Yerli,2002,Bayburt,0
Yerli,2002,Bilecik,0
Yerli,2002,Bingol,0
Yerli,2002,Bitlis,0
Yerli,2002,Bolu,0
Yerli,2002,Burdur,0
Yerli,2002,Bursa,15
Yerli,2002,Canakkale,0
Yerli,2002,Cankiri,0
Yerli,2002,Corum,0
Yerli,2002,Denizli,0
Yerli,2002,Diyarbakir,4
Yerli,2002,Duzce,0
Yerli,2002,Edirne,0
Yerli,2002,Elazig,1
Yerli,2002,Erzincan,0
Yerli,2002,Erzurum,5
Yerli,2002,Eskisehir,5
Yerli,2002,Gaziantep,0
Yerli,2002,Giresun,2
Yerli,2002,Gumushane,0
Yerli,2002,Hakkari,0
Yerli,2002,Hatay,4
Yerli,2002,Igdir,0
Yerli,2002,Isparta,2
Yerli,2002,Istanbul,170
Yerli,2002,Izmir,42
Yerli,2002,Kahramanmaras,31
Yerli,2002,Karabuk,0
Yerli,2002,Karaman,0
Yerli,2002,Kars,0
Yerli,2002,Kastamonu,0
Yerli,2002,Kayseri,16
Yerli,2002,Kilis,0
Yerli,2002,Kirikkale,0
Yerli,2002,Kirklareli,0
Yerli,2002,Kirsehir,0
Yerli,2002,Kocaeli,0
Yerli,2002,Konya,3
Yerli,2002,Kutahya,0
Yerli,2002,Malatya,0
Yerli,2002,Manisa,0
Yerli,2002,Mardin,0
Yerli,2002,Mersin,6
Yerli,2002,Mugla,2
Yerli,2002,Mus,0
Yerli,2002,Nevsehir,0
Yerli,2002,Nigde,0
Yerli,2002,Ordu,0
Yerli,2002,Osmaniye,0
Yerli,2002,Rize,0
Yerli,2002,Sakarya,0
Yerli,2002,Samsun,9
Yerli,2002,Sanliurfa,0
Yerli,2002,Siirt,0
Yerli,2002,Sinop,0
Yerli,2002,Sirnak,0
Yerli,2002,Sivas,9
Yerli,2002,Tekirdag,0
Yerli,2002,Tokat,3
Yerli,2002,Trabzon,5
Yerli,2002,Tunceli,0
Yerli,2002,Usak,0
Yerli,2002,Van,3
Yerli,2002,Yalova,0
Yerli,2002,Yozgat,0
Yerli,2002,Zonguldak,1
Yerli,2003,Adana,14
Yerli,2003,Adiyaman,0
Yerli,2003,Afyonkarahisar,0
Yerli,2003,Agri,0
Yerli,2003,Aksaray,0
Yerli,2003,Amasya,0
Yerli,2003,Ankara,65
Yerli,2003,Antalya,8
Yerli,2003,Ardahan,0
Yerli,2003,Artvin,0
Yerli,2003,Aydin,1
Yerli,2003,Balikesir,0
Yerli,2003,Bartin,0
Yerli,2003,Batman,0
Yerli,2003,Bayburt,0
Yerli,2003,Bilecik,0
Yerli,2003,Bingol,0
Yerli,2003,Bitlis,0
Yerli,2003,Bolu,0
Yerli,2003,Burdur,0
Yerli,2003,Bursa,11
Yerli,2003,Canakkale,0
Yerli,2003,Cankiri,0
Yerli,2003,Corum,0
Yerli,2003,Denizli,0
Yerli,2003,Diyarbakir,4
Yerli,2003,Duzce,0
Yerli,2003,Edirne,0
Yerli,2003,Elazig,1
Yerli,2003,Erzincan,0
Yerli,2003,Erzurum,8
Yerli,2003,Eskisehir,0
Yerli,2003,Gaziantep,0
Yerli,2003,Giresun,4
Yerli,2003,Gumushane,0
Yerli,2003,Hakkari,0
Yerli,2003,Hatay,0
Yerli,2003,Igdir,0
Yerli,2003,Isparta,3
Yerli,2003,Istanbul,333
Yerli,2003,Izmir,59
Yerli,2003,Kahramanmaras,0
Yerli,2003,Karabuk,0
Yerli,2003,Karaman,0
Yerli,2003,Kars,3
Yerli,2003,Kastamonu,0
Yerli,2003,Kayseri,20
Yerli,2003,Kilis,0
Yerli,2003,Kirikkale,0
Yerli,2003,Kirklareli,0
Yerli,2003,Kirsehir,0
Yerli,2003,Kocaeli,2
Yerli,2003,Konya,10
Yerli,2003,Kutahya,0
Yerli,2003,Malatya,0
Yerli,2003,Manisa,0
Yerli,2003,Mardin,7
Yerli,2003,Mersin,3
Yerli,2003,Mugla,2
Yerli,2003,Mus,0
Yerli,2003,Nevsehir,0
Yerli,2003,Nigde,0
Yerli,2003,Ordu,0
Yerli,2003,Osmaniye,0
Yerli,2003,Rize,0
Yerli,2003,Sakarya,0
Yerli,2003,Samsun,19
Yerli,2003,Sanliurfa,0
Yerli,2003,Siirt,0
Yerli,2003,Sinop,0
Yerli,2003,Sirnak,0
Yerli,2003,Sivas,2
Yerli,2003,Tekirdag,0
Yerli,2003,Tokat,2
Yerli,2003,Trabzon,25
Yerli,2003,Tunceli,0
Yerli,2003,Usak,0
Yerli,2003,Van,19
Yerli,2003,Yalova,0
Yerli,2003,Yozgat,0
Yerli,2003,Zonguldak,7
Yerli,2004,Adana,26
Yerli,2004,Adiyaman,0
Yerli,2004,Afyonkarahisar,0
Yerli,2004,Agri,0
Yerli,2004,Aksaray,0
Yerli,2004,Amasya,0
Yerli,2004,Ankara,117
Yerli,2004,Antalya,10
Yerli,2004,Ardahan,0
Yerli,2004,Artvin,0
Yerli,2004,Aydin,5
Yerli,2004,Balikesir,0
Yerli,2004,Bartin,0
Yerli,2004,Batman,0
Yerli,2004,Bayburt,0
Yerli,2004,Bilecik,0
Yerli,2004,Bingol,0
Yerli,2004,Bitlis,0
Yerli,2004,Bolu,0
Yerli,2004,Burdur,0
Yerli,2004,Bursa,29
Yerli,2004,Canakkale,0
Yerli,2004,Cankiri,0
Yerli,2004,Corum,4
Yerli,2004,Denizli,0
Yerli,2004,Diyarbakir,8
Yerli,2004,Duzce,0
Yerli,2004,Edirne,0
Yerli,2004,Elazig,1
Yerli,2004,Erzincan,0
Yerli,2004,Erzurum,3
Yerli,2004,Eskisehir,2
Yerli,2004,Gaziantep,0
Yerli,2004,Giresun,2
Yerli,2004,Gumushane,1
Yerli,2004,Hakkari,1
Yerli,2004,Hatay,0
Yerli,2004,Igdir,0
Yerli,2004,Isparta,0
Yerli,2004,Istanbul,257
Yerli,2004,Izmir,30
Yerli,2004,Kahramanmaras,0
Yerli,2004,Karabuk,0
Yerli,2004,Karaman,0
Yerli,2004,Kars,2
Yerli,2004,Kastamonu,0
Yerli,2004,Kayseri,12
Yerli,2004,Kilis,0
Yerli,2004,Kirikkale,0
Yerli,2004,Kirklareli,0
Yerli,2004,Kirsehir,0
Yerli,2004,Kocaeli,4
Yerli,2004,Konya,7
Yerli,2004,Kutahya,0
Yerli,2004,Malatya,0
Yerli,2004,Manisa,0
Yerli,2004,Mardin,0
Yerli,2004,Mersin,5
Yerli,2004,Mugla,0
Yerli,2004,Mus,6
Yerli,2004,Nevsehir,0
Yerli,2004,Nigde,0
Yerli,2004,Ordu,9
Yerli,2004,Osmaniye,0
Yerli,2004,Rize,0
Yerli,2004,Sakarya,0
Yerli,2004,Samsun,58
Yerli,2004,Sanliurfa,10
Yerli,2004,Siirt,0
Yerli,2004,Sinop,8
Yerli,2004,Sirnak,0
Yerli,2004,Sivas,5
Yerli,2004,Tekirdag,0
Yerli,2004,Tokat,1
Yerli,2004,Trabzon,18
Yerli,2004,Tunceli,0
Yerli,2004,Usak,0
Yerli,2004,Van,33
Yerli,2004,Yalova,0
Yerli,2004,Yozgat,0
Yerli,2004,Zonguldak,0
Yerli,2005,Adana,209
Yerli,2005,Adiyaman,0
Yerli,2005,Afyonkarahisar,0
Yerli,2005,Agri,0
Yerli,2005,Aksaray,0
Yerli,2005,Amasya,0
Yerli,2005,Ankara,128
Yerli,2005,Antalya,9
Yerli,2005,Ardahan,0
Yerli,2005,Artvin,0
Yerli,2005,Aydin,3
Yerli,2005,Balikesir,0
Yerli,2005,Bartin,0
Yerli,2005,Batman,0
Yerli,2005,Bayburt,0
Yerli,2005,Bilecik,0
Yerli,2005,Bingol,0
Yerli,2005,Bitlis,4
Yerli,2005,Bolu,0
Yerli,2005,Burdur,0
Yerli,2005,Bursa,118
Yerli,2005,Canakkale,0
Yerli,2005,Cankiri,0
Yerli,2005,Corum,12
Yerli,2005,Denizli,0
Yerli,2005,Diyarbakir,3
Yerli,2005,Duzce,0
Yerli,2005,Edirne,0
Yerli,2005,Elazig,0
Yerli,2005,Erzincan,0
Yerli,2005,Erzurum,3
Yerli,2005,Eskisehir,3
Yerli,2005,Gaziantep,0
Yerli,2005,Giresun,1
Yerli,2005,Gumushane,2
Yerli,2005,Hakkari,1
Yerli,2005,Hatay,5
Yerli,2005,Igdir,0
Yerli,2005,Isparta,0
Yerli,2005,Istanbul,164
Yerli,2005,Izmir,41
Yerli,2005,Kahramanmaras,0
Yerli,2005,Karabuk,0
Yerli,2005,Karaman,0
Yerli,2005,Kars,2
Yerli,2005,Kastamonu,0
Yerli,2005,Kayseri,36
Yerli,2005,Kilis,0
Yerli,2005,Kirikkale,0
Yerli,2005,Kirklareli,0
Yerli,2005,Kirsehir,0
Yerli,2005,Kocaeli,76
Yerli,2005,Konya,4
Yerli,2005,Kutahya,0
Yerli,2005,Malatya,0
Yerli,2005,Manisa,0
Yerli,2005,Mardin,0
Yerli,2005,Mersin,13
Yerli,2005,Mugla,0
Yerli,2005,Mus,13
Yerli,2005,Nevsehir,0
Yerli,2005,Nigde,0
Yerli,2005,Ordu,2
Yerli,2005,Osmaniye,0
Yerli,2005,Rize,0
Yerli,2005,Sakarya,0
Yerli,2005,Samsun,7
Yerli,2005,Sanliurfa,8
Yerli,2005,Siirt,0
Yerli,2005,Sinop,8
Yerli,2005,Sirnak,0
Yerli,2005,Sivas,5
Yerli,2005,Tekirdag,100
Yerli,2005,Tokat,1
Yerli,2005,Trabzon,2
Yerli,2005,Tunceli,0
Yerli,2005,Usak,0
Yerli,2005,Van,19
Yerli,2005,Yalova,0
Yerli,2005,Yozgat,0
Yerli,2005,Zonguldak,0
Yerli,2006,Adana,12
Yerli,2006,Adiyaman,0
Yerli,2006,Afyonkarahisar,0
Yerli,2006,Agri,0
Yerli,2006,Aksaray,0
Yerli,2006,Amasya,0
Yerli,2006,Ankara,91
Yerli,2006,Antalya,6
Yerli,2006,Ardahan,0
Yerli,2006,Artvin,0
Yerli,2006,Aydin,4
Yerli,2006,Balikesir,0
Yerli,2006,Bartin,0
Yerli,2006,Batman,0
Yerli,2006,Bayburt,0
Yerli,2006,Bilecik,0
Yerli,2006,Bingol,0
Yerli,2006,Bitlis,7
Yerli,2006,Bolu,0
Yerli,2006,Burdur,0
Yerli,2006,Bursa,36
Yerli,2006,Canakkale,0
Yerli,2006,Cankiri,0
Yerli,2006,Corum,0
Yerli,2006,Denizli,0
Yerli,2006,Diyarbakir,6
Yerli,2006,Duzce,0
Yerli,2006,Edirne,0
Yerli,2006,Elazig,0
Yerli,2006,Erzincan,0
Yerli,2006,Erzurum,1
Yerli,2006,Eskisehir,1
Yerli,2006,Gaziantep,0
Yerli,2006,Giresun,2
Yerli,2006,Gumushane,2
Yerli,2006,Hakkari,5
Yerli,2006,Hatay,17
Yerli,2006,Igdir,0
Yerli,2006,Isparta,0
Yerli,2006,Istanbul,54
Yerli,2006,Izmir,49
Yerli,2006,Kahramanmaras,0
Yerli,2006,Karabuk,0
Yerli,2006,Karaman,0
Yerli,2006,Kars,4
Yerli,2006,Kastamonu,0
Yerli,2006,Kayseri,0
Yerli,2006,Kilis,0
Yerli,2006,Kirikkale,0
Yerli,2006,Kirklareli,0
Yerli,2006,Kirsehir,0
Yerli,2006,Kocaeli,21
Yerli,2006,Konya,5
Yerli,2006,Kutahya,0
Yerli,2006,Malatya,0
Yerli,2006,Manisa,0
Yerli,2006,Mardin,0
Yerli,2006,Mersin,7
Yerli,2006,Mugla,0
Yerli,2006,Mus,7
Yerli,2006,Nevsehir,0
Yerli,2006,Nigde,0
Yerli,2006,Ordu,4
Yerli,2006,Osmaniye,0
Yerli,2006,Rize,0
Yerli,2006,Sakarya,0
Yerli,2006,Samsun,13
Yerli,2006,Sanliurfa,30
Yerli,2006,Siirt,0
Yerli,2006,Sinop,30
Yerli,2006,Sirnak,0
Yerli,2006,Sivas,4
Yerli,2006,Tekirdag,0
Yerli,2006,Tokat,2
Yerli,2006,Trabzon,8
Yerli,2006,Tunceli,0
Yerli,2006,Usak,0
Yerli,2006,Van,20
Yerli,2006,Yalova,0
Yerli,2006,Yozgat,0
Yerli,2006,Zonguldak,0
Yerli,2007,Adana,29
Yerli,2007,Adiyaman,0
Yerli,2007,Afyonkarahisar,0
Yerli,2007,Agri,0
Yerli,2007,Aksaray,0
Yerli,2007,Amasya,0
Yerli,2007,Ankara,117
Yerli,2007,Antalya,39
Yerli,2007,Ardahan,0
Yerli,2007,Artvin,0
Yerli,2007,Aydin,3
Yerli,2007,Balikesir,0
Yerli,2007,Bartin,0
Yerli,2007,Batman,0
Yerli,2007,Bayburt,0
Yerli,2007,Bilecik,0
Yerli,2007,Bingol,0
Yerli,2007,Bitlis,9
Yerli,2007,Bolu,0
Yerli,2007,Burdur,0
Yerli,2007,Bursa,56
Yerli,2007,Canakkale,0
Yerli,2007,Cankiri,0
Yerli,2007,Corum,0
Yerli,2007,Denizli,0
Yerli,2007,Diyarbakir,11
Yerli,2007,Duzce,0
Yerli,2007,Edirne,0
Yerli,2007,Elazig,0
Yerli,2007,Erzincan,3
Yerli,2007,Erzurum,6
Yerli,2007,Eskisehir,3
Yerli,2007,Gaziantep,0
Yerli,2007,Giresun,1
Yerli,2007,Gumushane,0
Yerli,2007,Hakkari,22
Yerli,2007,Hatay,3
Yerli,2007,Igdir,0
Yerli,2007,Isparta,0
Yerli,2007,Istanbul,79
Yerli,2007,Izmir,63
Yerli,2007,Kahramanmaras,0
Yerli,2007,Karabuk,0
Yerli,2007,Karaman,0
Yerli,2007,Kars,70
Yerli,2007,Kastamonu,0
Yerli,2007,Kayseri,0
Yerli,2007,Kilis,0
Yerli,2007,Kirikkale,0
Yerli,2007,Kirklareli,6
Yerli,2007,Kirsehir,0
Yerli,2007,Kocaeli,21
Yerli,2007,Konya,3
Yerli,2007,Kutahya,4
Yerli,2007,Malatya,0
Yerli,2007,Manisa,0
Yerli,2007,Mardin,0
Yerli,2007,Mersin,5
Yerli,2007,Mugla,0
Yerli,2007,Mus,8
Yerli,2007,Nevsehir,0
Yerli,2007,Nigde,0
Yerli,2007,Ordu,4
Yerli,2007,Osmaniye,0
Yerli,2007,Rize,0
Yerli,2007,Sakarya,0
Yerli,2007,Samsun,10
Yerli,2007,Sanliurfa,7
Yerli,2007,Siirt,0
Yerli,2007,Sinop,1
Yerli,2007,Sirnak,0
Yerli,2007,Sivas,4
Yerli,2007,Tekirdag,0
Yerli,2007,Tokat,2
Yerli,2007,Trabzon,4
Yerli,2007,Tunceli,0
Yerli,2007,Usak,0
Yerli,2007,Van,14
Yerli,2007,Yalova,0
Yerli,2007,Yozgat,0
Yerli,2007,Zonguldak,0
Yerli,2008,Adana,15
Yerli,2008,Adiyaman,0
Yerli,2008,Afyonkarahisar,19
Yerli,2008,Agri,0
Yerli,2008,Aksaray,0
Yerli,2008,Amasya,0
Yerli,2008,Ankara,125
Yerli,2008,Antalya,51
Yerli,2008,Ardahan,0
Yerli,2008,Artvin,0
Yerli,2008,Aydin,0
Yerli,2008,Balikesir,0
Yerli,2008,Bartin,0
Yerli,2008,Batman,3
Yerli,2008,Bayburt,0
Yerli,2008,Bilecik,0
Yerli,2008,Bingol,0
Yerli,2008,Bitlis,1
Yerli,2008,Bolu,6
Yerli,2008,Burdur,7
Yerli,2008,Bursa,89
Yerli,2008,Canakkale,0
Yerli,2008,Cankiri,0
Yerli,2008,Corum,11
Yerli,2008,Denizli,0
Yerli,2008,Diyarbakir,7
Yerli,2008,Duzce,0
Yerli,2008,Edirne,0
Yerli,2008,Elazig,0
Yerli,2008,Erzincan,4
Yerli,2008,Erzurum,5
Yerli,2008,Eskisehir,11
Yerli,2008,Gaziantep,0
Yerli,2008,Giresun,2
Yerli,2008,Gumushane,0
Yerli,2008,Hakkari,9
Yerli,2008,Hatay,4
Yerli,2008,Igdir,0
Yerli,2008,Isparta,0
Yerli,2008,Istanbul,1110
Yerli,2008,Izmir,88
Yerli,2008,Kahramanmaras,0
Yerli,2008,Karabuk,0
Yerli,2008,Karaman,0
Yerli,2008,Kars,20
Yerli,2008,Kastamonu,0
Yerli,2008,Kayseri,0
Yerli,2008,Kilis,0
Yerli,2008,Kirikkale,0
Yerli,2008,Kirklareli,2
Yerli,2008,Kirsehir,0
Yerli,2008,Kocaeli,18
Yerli,2008,Konya,7
Yerli,2008,Kutahya,4
Yerli,2008,Malatya,0
Yerli,2008,Manisa,44
Yerli,2008,Mardin,10
Yerli,2008,Mersin,7
Yerli,2008,Mugla,0
Yerli,2008,Mus,3
Yerli,2008,Nevsehir,0
Yerli,2008,Nigde,0
Yerli,2008,Ordu,3
Yerli,2008,Osmaniye,3
Yerli,2008,Rize,0
Yerli,2008,Sakarya,2
Yerli,2008,Samsun,13
Yerli,2008,Sanliurfa,10
Yerli,2008,Siirt,0
Yerli,2008,Sinop,6
Yerli,2008,Sirnak,0
Yerli,2008,Sivas,3
Yerli,2008,Tekirdag,0
Yerli,2008,Tokat,2
Yerli,2008,Trabzon,2
Yerli,2008,Tunceli,0
Yerli,2008,Usak,80
Yerli,2008,Van,10
Yerli,2008,Yalova,2
Yerli,2008,Yozgat,0
Yerli,2008,Zonguldak,0
Yerli,2009,Adana,12
Yerli,2009,Adiyaman,0
Yerli,2009,Afyonkarahisar,5
Yerli,2009,Agri,0
Yerli,2009,Aksaray,0
Yerli,2009,Amasya,0
Yerli,2009,Ankara,80
Yerli,2009,Antalya,12
Yerli,2009,Ardahan,0
Yerli,2009,Artvin,0
Yerli,2009,Aydin,0
Yerli,2009,Balikesir,0
Yerli,2009,Bartin,0
Yerli,2009,Batman,3
Yerli,2009,Bayburt,0
Yerli,2009,Bilecik,0
Yerli,2009,Bingol,0
Yerli,2009,Bitlis,5
Yerli,2009,Bolu,10
Yerli,2009,Burdur,0
Yerli,2009,Bursa,94
Yerli,2009,Canakkale,0
Yerli,2009,Cankiri,0
Yerli,2009,Corum,32
Yerli,2009,Denizli,0
Yerli,2009,Diyarbakir,15
Yerli,2009,Duzce,0
Yerli,2009,Edirne,0
Yerli,2009,Elazig,5
Yerli,2009,Erzincan,5
Yerli,2009,Erzurum,6
Yerli,2009,Eskisehir,28
Yerli,2009,Gaziantep,0
Yerli,2009,Giresun,3
Yerli,2009,Gumushane,0
Yerli,2009,Hakkari,6
Yerli,2009,Hatay,5
Yerli,2009,Igdir,0
Yerli,2009,Isparta,0
Yerli,2009,Istanbul,1064
Yerli,2009,Izmir,86
Yerli,2009,Kahramanmaras,3
Yerli,2009,Karabuk,0
Yerli,2009,Karaman,0
Yerli,2009,Kars,3
Yerli,2009,Kastamonu,0
Yerli,2009,Kayseri,2
Yerli,2009,Kilis,0
Yerli,2009,Kirikkale,0
Yerli,2009,Kirklareli,1
Yerli,2009,Kirsehir,0
Yerli,2009,Kocaeli,18
Yerli,2009,Konya,12
Yerli,2009,Kutahya,4
Yerli,2009,Malatya,0
Yerli,2009,Manisa,49
Yerli,2009,Mardin,0
Yerli,2009,Mersin,9
Yerli,2009,Mugla,0
Yerli,2009,Mus,0
Yerli,2009,Nevsehir,0
Yerli,2009,Nigde,0
Yerli,2009,Ordu,4
Yerli,2009,Osmaniye,3
Yerli,2009,Rize,0
Yerli,2009,Sakarya,1
Yerli,2009,Samsun,35
Yerli,2009,Sanliurfa,21
Yerli,2009,Siirt,0
Yerli,2009,Sinop,13
Yerli,2009,Sirnak,0
Yerli,2009,Sivas,2
Yerli,2009,Tekirdag,0
Yerli,2009,Tokat,0
Yerli,2009,Trabzon,3
Yerli,2009,Tunceli,0
Yerli,2009,Usak,20
Yerli,2009,Van,24
Yerli,2009,Yalova,0
Yerli,2009,Yozgat,0
Yerli,2009,Zonguldak,0
Yerli,2010,Adana,54
Yerli,2010,Adiyaman,11
Yerli,2010,Afyonkarahisar,2
Yerli,2010,Agri,0
Yerli,2010,Aksaray,12
Yerli,2010,Amasya,0
Yerli,2010,Ankara,103
Yerli,2010,Antalya,74
Yerli,2010,Ardahan,7
Yerli,2010,Artvin,0
Yerli,2010,Aydin,25
Yerli,2010,Balikesir,0
Yerli,2010,Bartin,2
Yerli,2010,Batman,6
Yerli,2010,Bayburt,0
Yerli,2010,Bilecik,0
Yerli,2010,Bingol,11
Yerli,2010,Bitlis,11
Yerli,2010,Bolu,13
Yerli,2010,Burdur,0
Yerli,2010,Bursa,65
Yerli,2010,Canakkale,0
Yerli,2010,Cankiri,0
Yerli,2010,Corum,11
Yerli,2010,Denizli,17
Yerli,2010,Diyarbakir,11
Yerli,2010,Duzce,10
Yerli,2010,Edirne,0
Yerli,2010,Elazig,11
Yerli,2010,Erzincan,5
Yerli,2010,Erzurum,7
Yerli,2010,Eskisehir,42
Yerli,2010,Gaziantep,10
Yerli,2010,Giresun,6
Yerli,2010,Gumushane,0
Yerli,2010,Hakkari,3
Yerli,2010,Hatay,37
Yerli,2010,Igdir,2
Yerli,2010,Isparta,0
Yerli,2010,Istanbul,1532
Yerli,2010,Izmir,321
Yerli,2010,Kahramanmaras,6
Yerli,2010,Karabuk,12
Yerli,2010,Karaman,0
Yerli,2010,Kars,4
Yerli,2010,Kastamonu,0
Yerli,2010,Kayseri,25
Yerli,2010,Kilis,0
Yerli,2010,Kirikkale,8
Yerli,2010,Kirklareli,7
Yerli,2010,Kirsehir,32
Yerli,2010,Kocaeli,53
Yerli,2010,Konya,15
Yerli,2010,Kutahya,10
Yerli,2010,Malatya,9
Yerli,2010,Manisa,41
Yerli,2010,Mardin,14
Yerli,2010,Mersin,6
Yerli,2010,Mugla,28
Yerli,2010,Mus,0
Yerli,2010,Nevsehir,9
Yerli,2010,Nigde,8
Yerli,2010,Ordu,12
Yerli,2010,Osmaniye,7
Yerli,2010,Rize,0
Yerli,2010,Sakarya,49
Yerli,2010,Samsun,36
Yerli,2010,Sanliurfa,8
Yerli,2010,Siirt,3
Yerli,2010,Sinop,12
Yerli,2010,Sirnak,0
Yerli,2010,Sivas,5
Yerli,2010,Tekirdag,0
Yerli,2010,Tokat,0
Yerli,2010,Trabzon,13
Yerli,2010,Tunceli,3
Yerli,2010,Usak,6
Yerli,2010,Van,23
Yerli,2010,Yalova,13
Yerli,2010,Yozgat,0
Yerli,2010,Zonguldak,20
Yerli,2011,Adana,53
Yerli,2011,Adiyaman,13
Yerli,2011,Afyonkarahisar,3
Yerli,2011,Agri,1
Yerli,2011,Aksaray,8
Yerli,2011,Amasya,0
Yerli,2011,Ankara,131
Yerli,2011,Antalya,57
Yerli,2011,Ardahan,7
Yerli,2011,Artvin,0
Yerli,2011,Aydin,53
Yerli,2011,Balikesir,0
Yerli,2011,Bartin,30
Yerli,2011,Batman,11
Yerli,2011,Bayburt,0
Yerli,2011,Bilecik,0
Yerli,2011,Bingol,25
Yerli,2011,Bitlis,14
Yerli,2011,Bolu,21
Yerli,2011,Burdur,4
Yerli,2011,Bursa,38
Yerli,2011,Canakkale,0
Yerli,2011,Cankiri,6
Yerli,2011,Corum,59
Yerli,2011,Denizli,35
Yerli,2011,Diyarbakir,10
Yerli,2011,Duzce,16
Yerli,2011,Edirne,0
Yerli,2011,Elazig,42
Yerli,2011,Erzincan,5
Yerli,2011,Erzurum,11
Yerli,2011,Eskisehir,44
Yerli,2011,Gaziantep,73
Yerli,2011,Giresun,9
Yerli,2011,Gumushane,1
Yerli,2011,Hakkari,0
Yerli,2011,Hatay,49
Yerli,2011,Igdir,4
Yerli,2011,Isparta,4
Yerli,2011,Istanbul,1433
Yerli,2011,Izmir,419
Yerli,2011,Kahramanmaras,27
Yerli,2011,Karabuk,12
Yerli,2011,Karaman,0
Yerli,2011,Kars,7
Yerli,2011,Kastamonu,9
Yerli,2011,Kayseri,53
Yerli,2011,Kilis,1
Yerli,2011,Kirikkale,4
Yerli,2011,Kirklareli,3
Yerli,2011,Kirsehir,15
Yerli,2011,Kocaeli,51
Yerli,2011,Konya,31
Yerli,2011,Kutahya,9
Yerli,2011,Malatya,103
Yerli,2011,Manisa,38
Yerli,2011,Mardin,23
Yerli,2011,Mersin,21
Yerli,2011,Mugla,27
Yerli,2011,Mus,0
Yerli,2011,Nevsehir,8
Yerli,2011,Nigde,15
Yerli,2011,Ordu,9
Yerli,2011,Osmaniye,7
Yerli,2011,Rize,23
Yerli,2011,Sakarya,46
Yerli,2011,Samsun,63
Yerli,2011,Sanliurfa,15
Yerli,2011,Siirt,4
Yerli,2011,Sinop,48
Yerli,2011,Sirnak,0
Yerli,2011,Sivas,20
Yerli,2011,Tekirdag,0
Yerli,2011,Tokat,0
Yerli,2011,Trabzon,9
Yerli,2011,Tunceli,5
Yerli,2011,Usak,5
Yerli,2011,Van,5
Yerli,2011,Yalova,12
Yerli,2011,Yozgat,9
Yerli,2011,Zonguldak,44
Yerli,2012,Adana,93
Yerli,2012,Adiyaman,14
Yerli,2012,Afyonkarahisar,0
Yerli,2012,Agri,12
Yerli,2012,Aksaray,14
Yerli,2012,Amasya,6
Yerli,2012,Ankara,128
Yerli,2012,Antalya,93
Yerli,2012,Ardahan,7
Yerli,2012,Artvin,1
Yerli,2012,Aydin,97
Yerli,2012,Balikesir,66
Yerli,2012,Bartin,13
Yerli,2012,Batman,19
Yerli,2012,Bayburt,1
Yerli,2012,Bilecik,0
Yerli,2012,Bingol,5
Yerli,2012,Bitlis,19
Yerli,2012,Bolu,4
Yerli,2012,Burdur,8
Yerli,2012,Bursa,66
Yerli,2012,Canakkale,19
Yerli,2012,Cankiri,6
Yerli,2012,Corum,35
Yerli,2012,Denizli,36
Yerli,2012,Diyarbakir,18
Yerli,2012,Duzce,18
Yerli,2012,Edirne,0
Yerli,2012,Elazig,53
Yerli,2012,Erzincan,4
Yerli,2012,Erzurum,8
Yerli,2012,Eskisehir,47
Yerli,2012,Gaziantep,46
Yerli,2012,Giresun,13
Yerli,2012,Gumushane,6
Yerli,2012,Hakkari,1
Yerli,2012,Hatay,33
Yerli,2012,Igdir,19
Yerli,2012,Isparta,8
Yerli,2012,Istanbul,2127
Yerli,2012,Izmir,453
Yerli,2012,Kahramanmaras,20
Yerli,2012,Karabuk,6
Yerli,2012,Karaman,0
Yerli,2012,Kars,4
Yerli,2012,Kastamonu,25
Yerli,2012,Kayseri,15
Yerli,2012,Kilis,10
Yerli,2012,Kirikkale,2
Yerli,2012,Kirklareli,7
Yerli,2012,Kirsehir,22
Yerli,2012,Kocaeli,57
Yerli,2012,Konya,48
Yerli,2012,Kutahya,11
Yerli,2012,Malatya,82
Yerli,2012,Manisa,34
Yerli,2012,Mardin,5
Yerli,2012,Mersin,54
Yerli,2012,Mugla,52
Yerli,2012,Mus,2
Yerli,2012,Nevsehir,16
Yerli,2012,Nigde,15
Yerli,2012,Ordu,22
Yerli,2012,Osmaniye,7
Yerli,2012,Rize,17
Yerli,2012,Sakarya,18
Yerli,2012,Samsun,64
Yerli,2012,Sanliurfa,11
Yerli,2012,Siirt,3
Yerli,2012,Sinop,37
Yerli,2012,Sirnak,12
Yerli,2012,Sivas,6
Yerli,2012,Tekirdag,38
Yerli,2012,Tokat,3
Yerli,2012,Trabzon,26
Yerli,2012,Tunceli,8
Yerli,2012,Usak,8
Yerli,2012,Van,1
Yerli,2012,Yalova,49
Yerli,2012,Yozgat,5
Yerli,2012,Zonguldak,47
Yerli,2013,Adana,222
Yerli,2013,Adiyaman,13
Yerli,2013,Afyonkarahisar,4
Yerli,2013,Agri,0
Yerli,2013,Aksaray,1
Yerli,2013,Amasya,6
Yerli,2013,Ankara,272
Yerli,2013,Antalya,90
Yerli,2013,Ardahan,3
Yerli,2013,Artvin,2
Yerli,2013,Aydin,24
Yerli,2013,Balikesir,43
Yerli,2013,Bartin,9
Yerli,2013,Batman,11
Yerli,2013,Bayburt,0
Yerli,2013,Bilecik,0
Yerli,2013,Bingol,6
Yerli,2013,Bitlis,18
Yerli,2013,Bolu,9
Yerli,2013,Burdur,8
Yerli,2013,Bursa,66
Yerli,2013,Canakkale,14
Yerli,2013,Cankiri,3
Yerli,2013,Corum,15
Yerli,2013,Denizli,9
Yerli,2013,Diyarbakir,20
Yerli,2013,Duzce,3
Yerli,2013,Edirne,10
Yerli,2013,Elazig,24
Yerli,2013,Erzincan,0
Yerli,2013,Erzurum,10
Yerli,2013,Eskisehir,40
Yerli,2013,Gaziantep,17
Yerli,2013,Giresun,32
Yerli,2013,Gumushane,0
Yerli,2013,Hakkari,3
Yerli,2013,Hatay,17
Yerli,2013,Igdir,9
Yerli,2013,Isparta,7
Yerli,2013,Istanbul,3194
Yerli,2013,Izmir,351
Yerli,2013,Kahramanmaras,10
Yerli,2013,Karabuk,9
Yerli,2013,Karaman,1
Yerli,2013,Kars,3
Yerli,2013,Kastamonu,3
Yerli,2013,Kayseri,21
Yerli,2013,Kilis,5
Yerli,2013,Kirikkale,7
Yerli,2013,Kirklareli,10
Yerli,2013,Kirsehir,9
Yerli,2013,Kocaeli,56
Yerli,2013,Konya,70
Yerli,2013,Kutahya,4
Yerli,2013,Malatya,42
Yerli,2013,Manisa,30
Yerli,2013,Mardin,7
Yerli,2013,Mersin,62
Yerli,2013,Mugla,34
Yerli,2013,Mus,7
Yerli,2013,Nevsehir,2
Yerli,2013,Nigde,2
Yerli,2013,Ordu,14
Yerli,2013,Osmaniye,0
Yerli,2013,Rize,10
Yerli,2013,Sakarya,28
Yerli,2013,Samsun,80
Yerli,2013,Sanliurfa,9
Yerli,2013,Siirt,3
Yerli,2013,Sinop,21
Yerli,2013,Sirnak,2
Yerli,2013,Sivas,22
Yerli,2013,Tekirdag,2
Yerli,2013,Tokat,2
Yerli,2013,Trabzon,54
Yerli,2013,Tunceli,5
Yerli,2013,Usak,4
Yerli,2013,Van,21
Yerli,2013,Yalova,11
Yerli,2013,Yozgat,4
Yerli,2013,Zonguldak,30
Yerli,2014,Adana,74
Yerli,2014,Adiyaman,5
Yerli,2014,Afyonkarahisar,17
Yerli,2014,Agri,8
Yerli,2014,Aksaray,8
Yerli,2014,Amasya,3
Yerli,2014,Ankara,203
Yerli,2014,Antalya,123
Yerli,2014,Ardahan,10
Yerli,2014,Artvin,13
Yerli,2014,Aydin,53
Yerli,2014,Balikesir,34
Yerli,2014,Bartin,43
Yerli,2014,Batman,7
Yerli,2014,Bayburt,4
Yerli,2014,Bilecik,0
Yerli,2014,Bingol,16
Yerli,2014,Bitlis,40
Yerli,2014,Bolu,17
Yerli,2014,Burdur,8
Yerli,2014,Bursa,124
Yerli,2014,Canakkale,15
Yerli,2014,Cankiri,5
Yerli,2014,Corum,21
Yerli,2014,Denizli,49
Yerli,2014,Diyarbakir,18
Yerli,2014,Duzce,18
Yerli,2014,Edirne,43
Yerli,2014,Elazig,49
Yerli,2014,Erzincan,2
Yerli,2014,Erzurum,11
Yerli,2014,Eskisehir,62
Yerli,2014,Gaziantep,46
Yerli,2014,Giresun,27
Yerli,2014,Gumushane,4
Yerli,2014,Hakkari,3
Yerli,2014,Hatay,38
Yerli,2014,Igdir,2
Yerli,2014,Isparta,15
Yerli,2014,Istanbul,2644
Yerli,2014,Izmir,531
Yerli,2014,Kahramanmaras,32
Yerli,2014,Karabuk,15
Yerli,2014,Karaman,5
Yerli,2014,Kars,10
Yerli,2014,Kastamonu,7
Yerli,2014,Kayseri,37
Yerli,2014,Kilis,17
Yerli,2014,Kirikkale,20
Yerli,2014,Kirklareli,40
Yerli,2014,Kirsehir,12
Yerli,2014,Kocaeli,89
Yerli,2014,Konya,72
Yerli,2014,Kutahya,19
Yerli,2014,Malatya,54
Yerli,2014,Manisa,87
Yerli,2014,Mardin,5
Yerli,2014,Mersin,64
Yerli,2014,Mugla,68
Yerli,2014,Mus,15
Yerli,2014,Nevsehir,8
Yerli,2014,Nigde,15
Yerli,2014,Ordu,73
Yerli,2014,Osmaniye,17
Yerli,2014,Rize,26
Yerli,2014,Sakarya,51
Yerli,2014,Samsun,62
Yerli,2014,Sanliurfa,33
Yerli,2014,Siirt,12
Yerli,2014,Sinop,15
Yerli,2014,Sirnak,8
Yerli,2014,Sivas,24
Yerli,2014,Tekirdag,29
Yerli,2014,Tokat,4
Yerli,2014,Trabzon,56
Yerli,2014,Tunceli,8
Yerli,2014,Usak,24
Yerli,2014,Van,15
Yerli,2014,Yalova,4
Yerli,2014,Yozgat,9
Yerli,2014,Zonguldak,57
Yerli,2015,Adana,61
Yerli,2015,Adiyaman,1
Yerli,2015,Afyonkarahisar,15
Yerli,2015,Agri,12
Yerli,2015,Aksaray,9
Yerli,2015,Amasya,6
Yerli,2015,Ankara,167
Yerli,2015,Antalya,81
Yerli,2015,Ardahan,5
Yerli,2015,Artvin,12
Yerli,2015,Aydin,80
Yerli,2015,Balikesir,36
Yerli,2015,Bartin,26
Yerli,2015,Batman,10
Yerli,2015,Bayburt,4
Yerli,2015,Bilecik,0
Yerli,2015,Bingol,16
Yerli,2015,Bitlis,27
Yerli,2015,Bolu,27
Yerli,2015,Burdur,4
Yerli,2015,Bursa,117
Yerli,2015,Canakkale,12
Yerli,2015,Cankiri,18
Yerli,2015,Corum,32
Yerli,2015,Denizli,30
Yerli,2015,Diyarbakir,15
Yerli,2015,Duzce,25
Yerli,2015,Edirne,29
Yerli,2015,Elazig,36
Yerli,2015,Erzincan,1
Yerli,2015,Erzurum,8
Yerli,2015,Eskisehir,54
Yerli,2015,Gaziantep,32
Yerli,2015,Giresun,30
Yerli,2015,Gumushane,2
Yerli,2015,Hakkari,6
Yerli,2015,Hatay,82
Yerli,2015,Igdir,3
Yerli,2015,Isparta,5
Yerli,2015,Istanbul,2933
Yerli,2015,Izmir,415
Yerli,2015,Kahramanmaras,30
Yerli,2015,Karabuk,26
Yerli,2015,Karaman,3
Yerli,2015,Kars,9
Yerli,2015,Kastamonu,17
Yerli,2015,Kayseri,64
Yerli,2015,Kilis,13
Yerli,2015,Kirikkale,5
Yerli,2015,Kirklareli,34
Yerli,2015,Kirsehir,17
Yerli,2015,Kocaeli,160
Yerli,2015,Konya,91
Yerli,2015,Kutahya,8
Yerli,2015,Malatya,80
Yerli,2015,Manisa,45
Yerli,2015,Mardin,11
Yerli,2015,Mersin,40
Yerli,2015,Mugla,57
Yerli,2015,Mus,3
Yerli,2015,Nevsehir,7
Yerli,2015,Nigde,3
Yerli,2015,Ordu,52
Yerli,2015,Osmaniye,9
Yerli,2015,Rize,18
Yerli,2015,Sakarya,83
Yerli,2015,Samsun,48
Yerli,2015,Sanliurfa,17
Yerli,2015,Siirt,22
Yerli,2015,Sinop,18
Yerli,2015,Sirnak,6
Yerli,2015,Sivas,20
Yerli,2015,Tekirdag,72
Yerli,2015,Tokat,7
Yerli,2015,Trabzon,76
Yerli,2015,Tunceli,5
Yerli,2015,Usak,16
Yerli,2015,Van,25
Yerli,2015,Yalova,32
Yerli,2015,Yozgat,7
Yerli,2015,Zonguldak,80
Yerli,2016,Adana,86
Yerli,2016,Adiyaman,17
Yerli,2016,Afyonkarahisar,16
Yerli,2016,Agri,14
Yerli,2016,Aksaray,19
Yerli,2016,Amasya,6
Yerli,2016,Ankara,193
Yerli,2016,Antalya,64
Yerli,2016,Ardahan,0
Yerli,2016,Artvin,20
Yerli,2016,Aydin,67
Yerli,2016,Balikesir,54
Yerli,2016,Bartin,18
Yerli,2016,Batman,18
Yerli,2016,Bayburt,5
Yerli,2016,Bilecik,0
Yerli,2016,Bingol,26
Yerli,2016,Bitlis,23
Yerli,2016,Bolu,25
Yerli,2016,Burdur,22
Yerli,2016,Bursa,109
Yerli,2016,Canakkale,38
Yerli,2016,Cankiri,13
Yerli,2016,Corum,27
Yerli,2016,Denizli,58
Yerli,2016,Diyarbakir,10
Yerli,2016,Duzce,22
Yerli,2016,Edirne,27
Yerli,2016,Elazig,40
Yerli,2016,Erzincan,0
Yerli,2016,Erzurum,6
Yerli,2016,Eskisehir,41
Yerli,2016,Gaziantep,55
Yerli,2016,Giresun,27
Yerli,2016,Gumushane,3
Yerli,2016,Hakkari,6
Yerli,2016,Hatay,86
Yerli,2016,Igdir,6
Yerli,2016,Isparta,10
Yerli,2016,Istanbul,3252
Yerli,2016,Izmir,704
Yerli,2016,Kahramanmaras,18
Yerli,2016,Karabuk,34
Yerli,2016,Karaman,4
Yerli,2016,Kars,10
Yerli,2016,Kastamonu,20
Yerli,2016,Kayseri,136
Yerli,2016,Kilis,10
Yerli,2016,Kirikkale,23
Yerli,2016,Kirklareli,42
Yerli,2016,Kirsehir,13
Yerli,2016,Kocaeli,161
Yerli,2016,Konya,78
Yerli,2016,Kutahya,24
Yerli,2016,Malatya,67
Yerli,2016,Manisa,39
Yerli,2016,Mardin,1
Yerli,2016,Mersin,44
Yerli,2016,Mugla,43
Yerli,2016,Mus,6
Yerli,2016,Nevsehir,9
Yerli,2016,Nigde,11
Yerli,2016,Ordu,57
Yerli,2016,Osmaniye,21
Yerli,2016,Rize,42
Yerli,2016,Sakarya,57
Yerli,2016,Samsun,72
Yerli,2016,Sanliurfa,7
Yerli,2016,Siirt,2
Yerli,2016,Sinop,16
Yerli,2016,Sirnak,0
Yerli,2016,Sivas,21
Yerli,2016,Tekirdag,70
Yerli,2016,Tokat,11
Yerli,2016,Trabzon,94
Yerli,2016,Tunceli,7
Yerli,2016,Usak,21
Yerli,2016,Van,1
Yerli,2016,Yalova,21
Yerli,2016,Yozgat,6
Yerli,2016,Zonguldak,70
Yabancı,2000,Adana,2
Yabancı,2000,Adiyaman,0
Yabancı,2000,Afyonkarahisar,0
Yabancı,2000,Agri,0
Yabancı,2000,Aksaray,0
Yabancı,2000,Amasya,0
Yabancı,2000,Ankara,32
Yabancı,2000,Antalya,0
Yabancı,2000,Ardahan,0
Yabancı,2000,Artvin,0
Yabancı,2000,Aydin,2
Yabancı,2000,Balikesir,0
Yabancı,2000,Bartin,0
Yabancı,2000,Batman,0
Yabancı,2000,Bayburt,0
Yabancı,2000,Bilecik,0
Yabancı,2000,Bingol,0
Yabancı,2000,Bitlis,0
Yabancı,2000,Bolu,0
Yabancı,2000,Burdur,0
Yabancı,2000,Bursa,2
Yabancı,2000,Canakkale,0
Yabancı,2000,Cankiri,0
Yabancı,2000,Corum,1
Yabancı,2000,Denizli,0
Yabancı,2000,Diyarbakir,3
Yabancı,2000,Duzce,0
Yabancı,2000,Edirne,0
Yabancı,2000,Elazig,0
Yabancı,2000,Erzincan,0
Yabancı,2000,Erzurum,3
Yabancı,2000,Eskisehir,1
Yabancı,2000,Gaziantep,0
Yabancı,2000,Giresun,0
Yabancı,2000,Gumushane,0
Yabancı,2000,Hakkari,0
Yabancı,2000,Hatay,0
Yabancı,2000,Igdir,0
Yabancı,2000,Isparta,0
Yabancı,2000,Istanbul,114
Yabancı,2000,Izmir,16
Yabancı,2000,Kahramanmaras,0
Yabancı,2000,Karabuk,0
Yabancı,2000,Karaman,0
Yabancı,2000,Kars,0
Yabancı,2000,Kastamonu,0
Yabancı,2000,Kayseri,0
Yabancı,2000,Kilis,0
Yabancı,2000,Kirikkale,0
Yabancı,2000,Kirklareli,0
Yabancı,2000,Kirsehir,0
Yabancı,2000,Kocaeli,2
Yabancı,2000,Konya,2
Yabancı,2000,Kutahya,0
Yabancı,2000,Malatya,0
Yabancı,2000,Manisa,0
Yabancı,2000,Mardin,0
Yabancı,2000,Mersin,2
Yabancı,2000,Mugla,0
Yabancı,2000,Mus,0
Yabancı,2000,Nevsehir,0
Yabancı,2000,Nigde,0
Yabancı,2000,Ordu,0
Yabancı,2000,Osmaniye,0
Yabancı,2000,Rize,0
Yabancı,2000,Sakarya,0
Yabancı,2000,Samsun,0
Yabancı,2000,Sanliurfa,0
Yabancı,2000,Siirt,0
Yabancı,2000,Sinop,0
Yabancı,2000,Sirnak,0
Yabancı,2000,Sivas,2
Yabancı,2000,Tekirdag,0
Yabancı,2000,Tokat,0
Yabancı,2000,Trabzon,2
Yabancı,2000,Tunceli,0
Yabancı,2000,Usak,0
Yabancı,2000,Van,2
Yabancı,2000,Yalova,0
Yabancı,2000,Yozgat,0
Yabancı,2000,Zonguldak,0
Yabancı,2001,Adana,7
Yabancı,2001,Adiyaman,0
Yabancı,2001,Afyonkarahisar,0
Yabancı,2001,Agri,0
Yabancı,2001,Aksaray,0
Yabancı,2001,Amasya,0
Yabancı,2001,Ankara,55
Yabancı,2001,Antalya,6
Yabancı,2001,Ardahan,0
Yabancı,2001,Artvin,0
Yabancı,2001,Aydin,0
Yabancı,2001,Balikesir,0
Yabancı,2001,Bartin,1
Yabancı,2001,Batman,0
Yabancı,2001,Bayburt,0
Yabancı,2001,Bilecik,0
Yabancı,2001,Bingol,0
Yabancı,2001,Bitlis,0
Yabancı,2001,Bolu,0
Yabancı,2001,Burdur,0
Yabancı,2001,Bursa,27
Yabancı,2001,Canakkale,0
Yabancı,2001,Cankiri,0
Yabancı,2001,Corum,2
Yabancı,2001,Denizli,0
Yabancı,2001,Diyarbakir,2
Yabancı,2001,Duzce,0
Yabancı,2001,Edirne,0
Yabancı,2001,Elazig,0
Yabancı,2001,Erzincan,0
Yabancı,2001,Erzurum,0
Yabancı,2001,Eskisehir,1
Yabancı,2001,Gaziantep,0
Yabancı,2001,Giresun,1
Yabancı,2001,Gumushane,0
Yabancı,2001,Hakkari,0
Yabancı,2001,Hatay,0
Yabancı,2001,Igdir,0
Yabancı,2001,Isparta,0
Yabancı,2001,Istanbul,109
Yabancı,2001,Izmir,26
Yabancı,2001,Kahramanmaras,0
Yabancı,2001,Karabuk,0
Yabancı,2001,Karaman,0
Yabancı,2001,Kars,0
Yabancı,2001,Kastamonu,0
Yabancı,2001,Kayseri,0
Yabancı,2001,Kilis,0
Yabancı,2001,Kirikkale,0
Yabancı,2001,Kirklareli,0
Yabancı,2001,Kirsehir,0
Yabancı,2001,Kocaeli,5
Yabancı,2001,Konya,4
Yabancı,2001,Kutahya,0
Yabancı,2001,Malatya,0
Yabancı,2001,Manisa,0
Yabancı,2001,Mardin,0
Yabancı,2001,Mersin,1
Yabancı,2001,Mugla,0
Yabancı,2001,Mus,0
Yabancı,2001,Nevsehir,0
Yabancı,2001,Nigde,0
Yabancı,2001,Ordu,1
Yabancı,2001,Osmaniye,0
Yabancı,2001,Rize,0
Yabancı,2001,Sakarya,0
Yabancı,2001,Samsun,3
Yabancı,2001,Sanliurfa,0
Yabancı,2001,Siirt,0
Yabancı,2001,Sinop,0
Yabancı,2001,Sirnak,0
Yabancı,2001,Sivas,2
Yabancı,2001,Tekirdag,0
Yabancı,2001,Tokat,0
Yabancı,2001,Trabzon,1
Yabancı,2001,Tunceli,0
Yabancı,2001,Usak,0
Yabancı,2001,Van,0
Yabancı,2001,Yalova,0
Yabancı,2001,Yozgat,0
Yabancı,2001,Zonguldak,0
Yabancı,2002,Adana,9
Yabancı,2002,Adiyaman,0
Yabancı,2002,Afyonkarahisar,0
Yabancı,2002,Agri,0
Yabancı,2002,Aksaray,0
Yabancı,2002,Amasya,0
Yabancı,2002,Ankara,25
Yabancı,2002,Antalya,5
Yabancı,2002,Ardahan,0
Yabancı,2002,Artvin,0
Yabancı,2002,Aydin,15
Yabancı,2002,Balikesir,0
Yabancı,2002,Bartin,1
Yabancı,2002,Batman,0
Yabancı,2002,Bayburt,0
Yabancı,2002,Bilecik,0
Yabancı,2002,Bingol,0
Yabancı,2002,Bitlis,0
Yabancı,2002,Bolu,0
Yabancı,2002,Burdur,0
Yabancı,2002,Bursa,16
Yabancı,2002,Canakkale,0
Yabancı,2002,Cankiri,0
Yabancı,2002,Corum,5
Yabancı,2002,Denizli,0
Yabancı,2002,Diyarbakir,1
Yabancı,2002,Duzce,0
Yabancı,2002,Edirne,0
Yabancı,2002,Elazig,0
Yabancı,2002,Erzincan,0
Yabancı,2002,Erzurum,4
Yabancı,2002,Eskisehir,1
Yabancı,2002,Gaziantep,0
Yabancı,2002,Giresun,1
Yabancı,2002,Gumushane,0
Yabancı,2002,Hakkari,0
Yabancı,2002,Hatay,0
Yabancı,2002,Igdir,0
Yabancı,2002,Isparta,0
Yabancı,2002,Istanbul,99
Yabancı,2002,Izmir,38
Yabancı,2002,Kahramanmaras,0
Yabancı,2002,Karabuk,0
Yabancı,2002,Karaman,0
Yabancı,2002,Kars,3
Yabancı,2002,Kastamonu,0
Yabancı,2002,Kayseri,0
Yabancı,2002,Kilis,0
Yabancı,2002,Kirikkale,0
Yabancı,2002,Kirklareli,0
Yabancı,2002,Kirsehir,0
Yabancı,2002,Kocaeli,0
Yabancı,2002,Konya,3
Yabancı,2002,Kutahya,0
Yabancı,2002,Malatya,0
Yabancı,2002,Manisa,0
Yabancı,2002,Mardin,0
Yabancı,2002,Mersin,2
Yabancı,2002,Mugla,0
Yabancı,2002,Mus,0
Yabancı,2002,Nevsehir,0
Yabancı,2002,Nigde,0
Yabancı,2002,Ordu,0
Yabancı,2002,Osmaniye,0
Yabancı,2002,Rize,0
Yabancı,2002,Sakarya,0
Yabancı,2002,Samsun,4
Yabancı,2002,Sanliurfa,0
Yabancı,2002,Siirt,0
Yabancı,2002,Sinop,0
Yabancı,2002,Sirnak,0
Yabancı,2002,Sivas,2
Yabancı,2002,Tekirdag,0
Yabancı,2002,Tokat,0
Yabancı,2002,Trabzon,16
Yabancı,2002,Tunceli,0
Yabancı,2002,Usak,0
Yabancı,2002,Van,2
Yabancı,2002,Yalova,0
Yabancı,2002,Yozgat,0
Yabancı,2002,Zonguldak,1
Yabancı,2003,Adana,2
Yabancı,2003,Adiyaman,0
Yabancı,2003,Afyonkarahisar,0
Yabancı,2003,Agri,0
Yabancı,2003,Aksaray,0
Yabancı,2003,Amasya,0
Yabancı,2003,Ankara,41
Yabancı,2003,Antalya,5
Yabancı,2003,Ardahan,0
Yabancı,2003,Artvin,0
Yabancı,2003,Aydin,1
Yabancı,2003,Balikesir,0
Yabancı,2003,Bartin,0
Yabancı,2003,Batman,0
Yabancı,2003,Bayburt,0
Yabancı,2003,Bilecik,0
Yabancı,2003,Bingol,0
Yabancı,2003,Bitlis,0
Yabancı,2003,Bolu,0
Yabancı,2003,Burdur,0
Yabancı,2003,Bursa,11
Yabancı,2003,Canakkale,0
Yabancı,2003,Cankiri,0
Yabancı,2003,Corum,0
Yabancı,2003,Denizli,0
Yabancı,2003,Diyarbakir,0
Yabancı,2003,Duzce,0
Yabancı,2003,Edirne,0
Yabancı,2003,Elazig,0
Yabancı,2003,Erzincan,0
Yabancı,2003,Erzurum,3
Yabancı,2003,Eskisehir,0
Yabancı,2003,Gaziantep,0
Yabancı,2003,Giresun,0
Yabancı,2003,Gumushane,0
Yabancı,2003,Hakkari,0
Yabancı,2003,Hatay,0
Yabancı,2003,Igdir,0
Yabancı,2003,Isparta,0
Yabancı,2003,Istanbul,176
Yabancı,2003,Izmir,5
Yabancı,2003,Kahramanmaras,0
Yabancı,2003,Karabuk,0
Yabancı,2003,Karaman,0
Yabancı,2003,Kars,0
Yabancı,2003,Kastamonu,0
Yabancı,2003,Kayseri,0
Yabancı,2003,Kilis,0
Yabancı,2003,Kirikkale,0
Yabancı,2003,Kirklareli,0
Yabancı,2003,Kirsehir,0
Yabancı,2003,Kocaeli,1
Yabancı,2003,Konya,5
Yabancı,2003,Kutahya,0
Yabancı,2003,Malatya,0
Yabancı,2003,Manisa,0
Yabancı,2003,Mardin,5
Yabancı,2003,Mersin,0
Yabancı,2003,Mugla,0
Yabancı,2003,Mus,0
Yabancı,2003,Nevsehir,0
Yabancı,2003,Nigde,0
Yabancı,2003,Ordu,0
Yabancı,2003,Osmaniye,0
Yabancı,2003,Rize,0
Yabancı,2003,Sakarya,0
Yabancı,2003,Samsun,0
Yabancı,2003,Sanliurfa,0
Yabancı,2003,Siirt,0
Yabancı,2003,Sinop,0
Yabancı,2003,Sirnak,0
Yabancı,2003,Sivas,4
Yabancı,2003,Tekirdag,0
Yabancı,2003,Tokat,0
Yabancı,2003,Trabzon,0
Yabancı,2003,Tunceli,0
Yabancı,2003,Usak,0
Yabancı,2003,Van,3
Yabancı,2003,Yalova,0
Yabancı,2003,Yozgat,0
Yabancı,2003,Zonguldak,4
Yabancı,2004,Adana,30
Yabancı,2004,Adiyaman,0
Yabancı,2004,Afyonkarahisar,0
Yabancı,2004,Agri,0
Yabancı,2004,Aksaray,0
Yabancı,2004,Amasya,0
Yabancı,2004,Ankara,29
Yabancı,2004,Antalya,3
Yabancı,2004,Ardahan,0
Yabancı,2004,Artvin,0
Yabancı,2004,Aydin,0
Yabancı,2004,Balikesir,0
Yabancı,2004,Bartin,0
Yabancı,2004,Batman,0
Yabancı,2004,Bayburt,0
Yabancı,2004,Bilecik,0
Yabancı,2004,Bingol,0
Yabancı,2004,Bitlis,0
Yabancı,2004,Bolu,0
Yabancı,2004,Burdur,0
Yabancı,2004,Bursa,9
Yabancı,2004,Canakkale,0
Yabancı,2004,Cankiri,0
Yabancı,2004,Corum,0
Yabancı,2004,Denizli,0
Yabancı,2004,Diyarbakir,8
Yabancı,2004,Duzce,0
Yabancı,2004,Edirne,0
Yabancı,2004,Elazig,0
Yabancı,2004,Erzincan,0
Yabancı,2004,Erzurum,3
Yabancı,2004,Eskisehir,2
Yabancı,2004,Gaziantep,0
Yabancı,2004,Giresun,0
Yabancı,2004,Gumushane,0
Yabancı,2004,Hakkari,0
Yabancı,2004,Hatay,3
Yabancı,2004,Igdir,0
Yabancı,2004,Isparta,0
Yabancı,2004,Istanbul,142
Yabancı,2004,Izmir,33
Yabancı,2004,Kahramanmaras,0
Yabancı,2004,Karabuk,0
Yabancı,2004,Karaman,0
Yabancı,2004,Kars,0
Yabancı,2004,Kastamonu,0
Yabancı,2004,Kayseri,0
Yabancı,2004,Kilis,0
Yabancı,2004,Kirikkale,0
Yabancı,2004,Kirklareli,0
Yabancı,2004,Kirsehir,0
Yabancı,2004,Kocaeli,0
Yabancı,2004,Konya,3
Yabancı,2004,Kutahya,0
Yabancı,2004,Malatya,0
Yabancı,2004,Manisa,0
Yabancı,2004,Mardin,0
Yabancı,2004,Mersin,1
Yabancı,2004,Mugla,0
Yabancı,2004,Mus,1
Yabancı,2004,Nevsehir,0
Yabancı,2004,Nigde,0
Yabancı,2004,Ordu,0
Yabancı,2004,Osmaniye,0
Yabancı,2004,Rize,0
Yabancı,2004,Sakarya,0
Yabancı,2004,Samsun,0
Yabancı,2004,Sanliurfa,0
Yabancı,2004,Siirt,0
Yabancı,2004,Sinop,0
Yabancı,2004,Sirnak,0
Yabancı,2004,Sivas,4
Yabancı,2004,Tekirdag,0
Yabancı,2004,Tokat,0
Yabancı,2004,Trabzon,28
Yabancı,2004,Tunceli,0
Yabancı,2004,Usak,0
Yabancı,2004,Van,4
Yabancı,2004,Yalova,0
Yabancı,2004,Yozgat,0
Yabancı,2004,Zonguldak,0
Yabancı,2005,Adana,10
Yabancı,2005,Adiyaman,0
Yabancı,2005,Afyonkarahisar,0
Yabancı,2005,Agri,0
Yabancı,2005,Aksaray,0
Yabancı,2005,Amasya,0
Yabancı,2005,Ankara,20
Yabancı,2005,Antalya,6
Yabancı,2005,Ardahan,0
Yabancı,2005,Artvin,0
Yabancı,2005,Aydin,1
Yabancı,2005,Balikesir,0
Yabancı,2005,Bartin,0
Yabancı,2005,Batman,0
Yabancı,2005,Bayburt,0
Yabancı,2005,Bilecik,0
Yabancı,2005,Bingol,0
Yabancı,2005,Bitlis,0
Yabancı,2005,Bolu,0
Yabancı,2005,Burdur,0
Yabancı,2005,Bursa,9
Yabancı,2005,Canakkale,0
Yabancı,2005,Cankiri,0
Yabancı,2005,Corum,0
Yabancı,2005,Denizli,0
Yabancı,2005,Diyarbakir,4
Yabancı,2005,Duzce,0
Yabancı,2005,Edirne,0
Yabancı,2005,Elazig,0
Yabancı,2005,Erzincan,0
Yabancı,2005,Erzurum,5
Yabancı,2005,Eskisehir,2
Yabancı,2005,Gaziantep,0
Yabancı,2005,Giresun,2
Yabancı,2005,Gumushane,0
Yabancı,2005,Hakkari,0
Yabancı,2005,Hatay,0
Yabancı,2005,Igdir,0
Yabancı,2005,Isparta,0
Yabancı,2005,Istanbul,81
Yabancı,2005,Izmir,14
Yabancı,2005,Kahramanmaras,0
Yabancı,2005,Karabuk,0
Yabancı,2005,Karaman,0
Yabancı,2005,Kars,0
Yabancı,2005,Kastamonu,0
Yabancı,2005,Kayseri,0
Yabancı,2005,Kilis,0
Yabancı,2005,Kirikkale,0
Yabancı,2005,Kirklareli,0
Yabancı,2005,Kirsehir,0
Yabancı,2005,Kocaeli,5
Yabancı,2005,Konya,2
Yabancı,2005,Kutahya,0
Yabancı,2005,Malatya,0
Yabancı,2005,Manisa,0
Yabancı,2005,Mardin,0
Yabancı,2005,Mersin,0
Yabancı,2005,Mugla,0
Yabancı,2005,Mus,0
Yabancı,2005,Nevsehir,0
Yabancı,2005,Nigde,0
Yabancı,2005,Ordu,0
Yabancı,2005,Osmaniye,0
Yabancı,2005,Rize,0
Yabancı,2005,Sakarya,0
Yabancı,2005,Samsun,0
Yabancı,2005,Sanliurfa,0
Yabancı,2005,Siirt,0
Yabancı,2005,Sinop,2
Yabancı,2005,Sirnak,0
Yabancı,2005,Sivas,4
Yabancı,2005,Tekirdag,0
Yabancı,2005,Tokat,0
Yabancı,2005,Trabzon,6
Yabancı,2005,Tunceli,0
Yabancı,2005,Usak,0
Yabancı,2005,Van,2
Yabancı,2005,Yalova,0
Yabancı,2005,Yozgat,0
Yabancı,2005,Zonguldak,0
Yabancı,2006,Adana,7
Yabancı,2006,Adiyaman,0
Yabancı,2006,Afyonkarahisar,0
Yabancı,2006,Agri,0
Yabancı,2006,Aksaray,0
Yabancı,2006,Amasya,0
Yabancı,2006,Ankara,33
Yabancı,2006,Antalya,8
Yabancı,2006,Ardahan,0
Yabancı,2006,Artvin,0
Yabancı,2006,Aydin,1
Yabancı,2006,Balikesir,0
Yabancı,2006,Bartin,0
Yabancı,2006,Batman,0
Yabancı,2006,Bayburt,0
Yabancı,2006,Bilecik,0
Yabancı,2006,Bingol,0
Yabancı,2006,Bitlis,0
Yabancı,2006,Bolu,0
Yabancı,2006,Burdur,0
Yabancı,2006,Bursa,12
Yabancı,2006,Canakkale,0
Yabancı,2006,Cankiri,0
Yabancı,2006,Corum,0
Yabancı,2006,Denizli,0
Yabancı,2006,Diyarbakir,1
Yabancı,2006,Duzce,0
Yabancı,2006,Edirne,0
Yabancı,2006,Elazig,0
Yabancı,2006,Erzincan,0
Yabancı,2006,Erzurum,3
Yabancı,2006,Eskisehir,1
Yabancı,2006,Gaziantep,0
Yabancı,2006,Giresun,0
Yabancı,2006,Gumushane,0
Yabancı,2006,Hakkari,0
Yabancı,2006,Hatay,0
Yabancı,2006,Igdir,0
Yabancı,2006,Isparta,0
Yabancı,2006,Istanbul,36
Yabancı,2006,Izmir,24
Yabancı,2006,Kahramanmaras,0
Yabancı,2006,Karabuk,0
Yabancı,2006,Karaman,0
Yabancı,2006,Kars,1
Yabancı,2006,Kastamonu,0
Yabancı,2006,Kayseri,0
Yabancı,2006,Kilis,0
Yabancı,2006,Kirikkale,0
Yabancı,2006,Kirklareli,0
Yabancı,2006,Kirsehir,0
Yabancı,2006,Kocaeli,4
Yabancı,2006,Konya,2
Yabancı,2006,Kutahya,0
Yabancı,2006,Malatya,0
Yabancı,2006,Manisa,0
Yabancı,2006,Mardin,0
Yabancı,2006,Mersin,0
Yabancı,2006,Mugla,0
Yabancı,2006,Mus,0
Yabancı,2006,Nevsehir,0
Yabancı,2006,Nigde,0
Yabancı,2006,Ordu,0
Yabancı,2006,Osmaniye,0
Yabancı,2006,Rize,0
Yabancı,2006,Sakarya,0
Yabancı,2006,Samsun,1
Yabancı,2006,Sanliurfa,0
Yabancı,2006,Siirt,0
Yabancı,2006,Sinop,10
Yabancı,2006,Sirnak,0
Yabancı,2006,Sivas,3
Yabancı,2006,Tekirdag,0
Yabancı,2006,Tokat,0
Yabancı,2006,Trabzon,5
Yabancı,2006,Tunceli,0
Yabancı,2006,Usak,0
Yabancı,2006,Van,8
Yabancı,2006,Yalova,0
Yabancı,2006,Yozgat,0
Yabancı,2006,Zonguldak,0
Yabancı,2007,Adana,8
Yabancı,2007,Adiyaman,0
Yabancı,2007,Afyonkarahisar,0
Yabancı,2007,Agri,0
Yabancı,2007,Aksaray,0
Yabancı,2007,Amasya,0
Yabancı,2007,Ankara,34
Yabancı,2007,Antalya,16
Yabancı,2007,Ardahan,0
Yabancı,2007,Artvin,0
Yabancı,2007,Aydin,0
Yabancı,2007,Balikesir,0
Yabancı,2007,Bartin,0
Yabancı,2007,Batman,0
Yabancı,2007,Bayburt,0
Yabancı,2007,Bilecik,0
Yabancı,2007,Bingol,0
Yabancı,2007,Bitlis,0
Yabancı,2007,Bolu,0
Yabancı,2007,Burdur,0
Yabancı,2007,Bursa,5
Yabancı,2007,Canakkale,0
Yabancı,2007,Cankiri,0
Yabancı,2007,Corum,0
Yabancı,2007,Denizli,0
Yabancı,2007,Diyarbakir,5
Yabancı,2007,Duzce,0
Yabancı,2007,Edirne,0
Yabancı,2007,Elazig,0
Yabancı,2007,Erzincan,0
Yabancı,2007,Erzurum,2
Yabancı,2007,Eskisehir,3
Yabancı,2007,Gaziantep,0
Yabancı,2007,Giresun,2
Yabancı,2007,Gumushane,0
Yabancı,2007,Hakkari,0
Yabancı,2007,Hatay,0
Yabancı,2007,Igdir,0
Yabancı,2007,Isparta,0
Yabancı,2007,Istanbul,70
Yabancı,2007,Izmir,17
Yabancı,2007,Kahramanmaras,0
Yabancı,2007,Karabuk,0
Yabancı,2007,Karaman,0
Yabancı,2007,Kars,50
Yabancı,2007,Kastamonu,0
Yabancı,2007,Kayseri,0
Yabancı,2007,Kilis,0
Yabancı,2007,Kirikkale,0
Yabancı,2007,Kirklareli,2
Yabancı,2007,Kirsehir,0
Yabancı,2007,Kocaeli,8
Yabancı,2007,Konya,0
Yabancı,2007,Kutahya,2
Yabancı,2007,Malatya,0
Yabancı,2007,Manisa,0
Yabancı,2007,Mardin,0
Yabancı,2007,Mersin,1
Yabancı,2007,Mugla,0
Yabancı,2007,Mus,0
Yabancı,2007,Nevsehir,0
Yabancı,2007,Nigde,0
Yabancı,2007,Ordu,0
Yabancı,2007,Osmaniye,0
Yabancı,2007,Rize,0
Yabancı,2007,Sakarya,0
Yabancı,2007,Samsun,0
Yabancı,2007,Sanliurfa,0
Yabancı,2007,Siirt,0
Yabancı,2007,Sinop,1
Yabancı,2007,Sirnak,0
Yabancı,2007,Sivas,2
Yabancı,2007,Tekirdag,0
Yabancı,2007,Tokat,0
Yabancı,2007,Trabzon,4
Yabancı,2007,Tunceli,0
Yabancı,2007,Usak,0
Yabancı,2007,Van,9
Yabancı,2007,Yalova,0
Yabancı,2007,Yozgat,0
Yabancı,2007,Zonguldak,0
Yabancı,2008,Adana,6
Yabancı,2008,Adiyaman,0
Yabancı,2008,Afyonkarahisar,2
Yabancı,2008,Agri,0
Yabancı,2008,Aksaray,0
Yabancı,2008,Amasya,0
Yabancı,2008,Ankara,25
Yabancı,2008,Antalya,17
Yabancı,2008,Ardahan,0
Yabancı,2008,Artvin,0
Yabancı,2008,Aydin,1
Yabancı,2008,Balikesir,0
Yabancı,2008,Bartin,0
Yabancı,2008,Batman,0
Yabancı,2008,Bayburt,0
Yabancı,2008,Bilecik,0
Yabancı,2008,Bingol,0
Yabancı,2008,Bitlis,0
Yabancı,2008,Bolu,1
Yabancı,2008,Burdur,0
Yabancı,2008,Bursa,12
Yabancı,2008,Canakkale,0
Yabancı,2008,Cankiri,0
Yabancı,2008,Corum,0
Yabancı,2008,Denizli,0
Yabancı,2008,Diyarbakir,2
Yabancı,2008,Duzce,0
Yabancı,2008,Edirne,0
Yabancı,2008,Elazig,0
Yabancı,2008,Erzincan,0
Yabancı,2008,Erzurum,3
Yabancı,2008,Eskisehir,9
Yabancı,2008,Gaziantep,0
Yabancı,2008,Giresun,1
Yabancı,2008,Gumushane,0
Yabancı,2008,Hakkari,0
Yabancı,2008,Hatay,0
Yabancı,2008,Igdir,0
Yabancı,2008,Isparta,0
Yabancı,2008,Istanbul,159
Yabancı,2008,Izmir,43
Yabancı,2008,Kahramanmaras,0
Yabancı,2008,Karabuk,0
Yabancı,2008,Karaman,0
Yabancı,2008,Kars,0
Yabancı,2008,Kastamonu,0
Yabancı,2008,Kayseri,0
Yabancı,2008,Kilis,0
Yabancı,2008,Kirikkale,0
Yabancı,2008,Kirklareli,5
Yabancı,2008,Kirsehir,0
Yabancı,2008,Kocaeli,6
Yabancı,2008,Konya,0
Yabancı,2008,Kutahya,2
Yabancı,2008,Malatya,0
Yabancı,2008,Manisa,1
Yabancı,2008,Mardin,0
Yabancı,2008,Mersin,0
Yabancı,2008,Mugla,0
Yabancı,2008,Mus,0
Yabancı,2008,Nevsehir,0
Yabancı,2008,Nigde,0
Yabancı,2008,Ordu,1
Yabancı,2008,Osmaniye,0
Yabancı,2008,Rize,0
Yabancı,2008,Sakarya,0
Yabancı,2008,Samsun,1
Yabancı,2008,Sanliurfa,0
Yabancı,2008,Siirt,0
Yabancı,2008,Sinop,1
Yabancı,2008,Sirnak,0
Yabancı,2008,Sivas,2
Yabancı,2008,Tekirdag,0
Yabancı,2008,Tokat,0
Yabancı,2008,Trabzon,2
Yabancı,2008,Tunceli,0
Yabancı,2008,Usak,0
Yabancı,2008,Van,1
Yabancı,2008,Yalova,1
Yabancı,2008,Yozgat,0
Yabancı,2008,Zonguldak,0
Yabancı,2009,Adana,23
Yabancı,2009,Adiyaman,0
Yabancı,2009,Afyonkarahisar,0
Yabancı,2009,Agri,0
Yabancı,2009,Aksaray,0
Yabancı,2009,Amasya,0
Yabancı,2009,Ankara,31
Yabancı,2009,Antalya,5
Yabancı,2009,Ardahan,0
Yabancı,2009,Artvin,0
Yabancı,2009,Aydin,0
Yabancı,2009,Balikesir,0
Yabancı,2009,Bartin,0
Yabancı,2009,Batman,0
Yabancı,2009,Bayburt,0
Yabancı,2009,Bilecik,0
Yabancı,2009,Bingol,0
Yabancı,2009,Bitlis,0
Yabancı,2009,Bolu,0
Yabancı,2009,Burdur,0
Yabancı,2009,Bursa,20
Yabancı,2009,Canakkale,0
Yabancı,2009,Cankiri,0
Yabancı,2009,Corum,6
Yabancı,2009,Denizli,0
Yabancı,2009,Diyarbakir,8
Yabancı,2009,Duzce,0
Yabancı,2009,Edirne,0
Yabancı,2009,Elazig,0
Yabancı,2009,Erzincan,0
Yabancı,2009,Erzurum,4
Yabancı,2009,Eskisehir,16
Yabancı,2009,Gaziantep,0
Yabancı,2009,Giresun,1
Yabancı,2009,Gumushane,0
Yabancı,2009,Hakkari,0
Yabancı,2009,Hatay,0
Yabancı,2009,Igdir,0
Yabancı,2009,Isparta,0
Yabancı,2009,Istanbul,283
Yabancı,2009,Izmir,77
Yabancı,2009,Kahramanmaras,0
Yabancı,2009,Karabuk,0
Yabancı,2009,Karaman,0
Yabancı,2009,Kars,1
Yabancı,2009,Kastamonu,0
Yabancı,2009,Kayseri,0
Yabancı,2009,Kilis,0
Yabancı,2009,Kirikkale,0
Yabancı,2009,Kirklareli,8
Yabancı,2009,Kirsehir,0
Yabancı,2009,Kocaeli,8
Yabancı,2009,Konya,2
Yabancı,2009,Kutahya,2
Yabancı,2009,Malatya,0
Yabancı,2009,Manisa,0
Yabancı,2009,Mardin,0
Yabancı,2009,Mersin,0
Yabancı,2009,Mugla,0
Yabancı,2009,Mus,0
Yabancı,2009,Nevsehir,0
Yabancı,2009,Nigde,0
Yabancı,2009,Ordu,0
Yabancı,2009,Osmaniye,0
Yabancı,2009,Rize,0
Yabancı,2009,Sakarya,1
Yabancı,2009,Samsun,3
Yabancı,2009,Sanliurfa,1
Yabancı,2009,Siirt,0
Yabancı,2009,Sinop,1
Yabancı,2009,Sirnak,0
Yabancı,2009,Sivas,4
Yabancı,2009,Tekirdag,0
Yabancı,2009,Tokat,0
Yabancı,2009,Trabzon,3
Yabancı,2009,Tunceli,0
Yabancı,2009,Usak,0
Yabancı,2009,Van,6
Yabancı,2009,Yalova,0
Yabancı,2009,Yozgat,0
Yabancı,2009,Zonguldak,0
Yabancı,2010,Adana,34
Yabancı,2010,Adiyaman,0
Yabancı,2010,Afyonkarahisar,0
Yabancı,2010,Agri,0
Yabancı,2010,Aksaray,0
Yabancı,2010,Amasya,0
Yabancı,2010,Ankara,27
Yabancı,2010,Antalya,7
Yabancı,2010,Ardahan,0
Yabancı,2010,Artvin,0
Yabancı,2010,Aydin,1
Yabancı,2010,Balikesir,0
Yabancı,2010,Bartin,1
Yabancı,2010,Batman,0
Yabancı,2010,Bayburt,0
Yabancı,2010,Bilecik,0
Yabancı,2010,Bingol,0
Yabancı,2010,Bitlis,0
Yabancı,2010,Bolu,6
Yabancı,2010,Burdur,0
Yabancı,2010,Bursa,12
Yabancı,2010,Canakkale,0
Yabancı,2010,Cankiri,0
Yabancı,2010,Corum,0
Yabancı,2010,Denizli,8
Yabancı,2010,Diyarbakir,5
Yabancı,2010,Duzce,2
Yabancı,2010,Edirne,0
Yabancı,2010,Elazig,0
Yabancı,2010,Erzincan,0
Yabancı,2010,Erzurum,5
Yabancı,2010,Eskisehir,41
Yabancı,2010,Gaziantep,7
Yabancı,2010,Giresun,2
Yabancı,2010,Gumushane,0
Yabancı,2010,Hakkari,0
Yabancı,2010,Hatay,0
Yabancı,2010,Igdir,0
Yabancı,2010,Isparta,0
Yabancı,2010,Istanbul,395
Yabancı,2010,Izmir,98
Yabancı,2010,Kahramanmaras,0
Yabancı,2010,Karabuk,0
Yabancı,2010,Karaman,0
Yabancı,2010,Kars,0
Yabancı,2010,Kastamonu,0
Yabancı,2010,Kayseri,1
Yabancı,2010,Kilis,0
Yabancı,2010,Kirikkale,0
Yabancı,2010,Kirklareli,8
Yabancı,2010,Kirsehir,0
Yabancı,2010,Kocaeli,20
Yabancı,2010,Konya,6
Yabancı,2010,Kutahya,0
Yabancı,2010,Malatya,0
Yabancı,2010,Manisa,2
Yabancı,2010,Mardin,0
Yabancı,2010,Mersin,0
Yabancı,2010,Mugla,5
Yabancı,2010,Mus,0
Yabancı,2010,Nevsehir,0
Yabancı,2010,Nigde,1
Yabancı,2010,Ordu,2
Yabancı,2010,Osmaniye,0
Yabancı,2010,Rize,0
Yabancı,2010,Sakarya,21
Yabancı,2010,Samsun,10
Yabancı,2010,Sanliurfa,0
Yabancı,2010,Siirt,1
Yabancı,2010,Sinop,0
Yabancı,2010,Sirnak,0
Yabancı,2010,Sivas,2
Yabancı,2010,Tekirdag,0
Yabancı,2010,Tokat,0
Yabancı,2010,Trabzon,23
Yabancı,2010,Tunceli,0
Yabancı,2010,Usak,0
Yabancı,2010,Van,12
Yabancı,2010,Yalova,7
Yabancı,2010,Yozgat,0
Yabancı,2010,Zonguldak,4
Yabancı,2011,Adana,15
Yabancı,2011,Adiyaman,0
Yabancı,2011,Afyonkarahisar,0
Yabancı,2011,Agri,0
Yabancı,2011,Aksaray,1
Yabancı,2011,Amasya,0
Yabancı,2011,Ankara,24
Yabancı,2011,Antalya,21
Yabancı,2011,Ardahan,0
Yabancı,2011,Artvin,1
Yabancı,2011,Aydin,3
Yabancı,2011,Balikesir,0
Yabancı,2011,Bartin,2
Yabancı,2011,Batman,0
Yabancı,2011,Bayburt,0
Yabancı,2011,Bilecik,0
Yabancı,2011,Bingol,3
Yabancı,2011,Bitlis,0
Yabancı,2011,Bolu,0
Yabancı,2011,Burdur,0
Yabancı,2011,Bursa,8
Yabancı,2011,Canakkale,0
Yabancı,2011,Cankiri,0
Yabancı,2011,Corum,12
Yabancı,2011,Denizli,2
Yabancı,2011,Diyarbakir,3
Yabancı,2011,Duzce,3
Yabancı,2011,Edirne,0
Yabancı,2011,Elazig,14
Yabancı,2011,Erzincan,0
Yabancı,2011,Erzurum,4
Yabancı,2011,Eskisehir,32
Yabancı,2011,Gaziantep,32
Yabancı,2011,Giresun,2
Yabancı,2011,Gumushane,1
Yabancı,2011,Hakkari,0
Yabancı,2011,Hatay,5
Yabancı,2011,Igdir,0
Yabancı,2011,Isparta,0
Yabancı,2011,Istanbul,315
Yabancı,2011,Izmir,92
Yabancı,2011,Kahramanmaras,0
Yabancı,2011,Karabuk,3
Yabancı,2011,Karaman,0
Yabancı,2011,Kars,0
Yabancı,2011,Kastamonu,1
Yabancı,2011,Kayseri,2
Yabancı,2011,Kilis,0
Yabancı,2011,Kirikkale,0
Yabancı,2011,Kirklareli,9
Yabancı,2011,Kirsehir,3
Yabancı,2011,Kocaeli,21
Yabancı,2011,Konya,13
Yabancı,2011,Kutahya,4
Yabancı,2011,Malatya,8
Yabancı,2011,Manisa,9
Yabancı,2011,Mardin,2
Yabancı,2011,Mersin,3
Yabancı,2011,Mugla,2
Yabancı,2011,Mus,0
Yabancı,2011,Nevsehir,0
Yabancı,2011,Nigde,1
Yabancı,2011,Ordu,2
Yabancı,2011,Osmaniye,0
Yabancı,2011,Rize,4
Yabancı,2011,Sakarya,6
Yabancı,2011,Samsun,26
Yabancı,2011,Sanliurfa,0
Yabancı,2011,Siirt,0
Yabancı,2011,Sinop,0
Yabancı,2011,Sirnak,0
Yabancı,2011,Sivas,1
Yabancı,2011,Tekirdag,0
Yabancı,2011,Tokat,0
Yabancı,2011,Trabzon,15
Yabancı,2011,Tunceli,3
Yabancı,2011,Usak,6
Yabancı,2011,Van,1
Yabancı,2011,Yalova,11
Yabancı,2011,Yozgat,0
Yabancı,2011,Zonguldak,31
Yabancı,2012,Adana,17
Yabancı,2012,Adiyaman,0
Yabancı,2012,Afyonkarahisar,1
Yabancı,2012,Agri,0
Yabancı,2012,Aksaray,2
Yabancı,2012,Amasya,0
Yabancı,2012,Ankara,41
Yabancı,2012,Antalya,14
Yabancı,2012,Ardahan,0
Yabancı,2012,Artvin,0
Yabancı,2012,Aydin,5
Yabancı,2012,Balikesir,6
Yabancı,2012,Bartin,7
Yabancı,2012,Batman,0
Yabancı,2012,Bayburt,1
Yabancı,2012,Bilecik,0
Yabancı,2012,Bingol,1
Yabancı,2012,Bitlis,3
Yabancı,2012,Bolu,2
Yabancı,2012,Burdur,0
Yabancı,2012,Bursa,35
Yabancı,2012,Canakkale,4
Yabancı,2012,Cankiri,0
Yabancı,2012,Corum,13
Yabancı,2012,Denizli,14
Yabancı,2012,Diyarbakir,8
Yabancı,2012,Duzce,2
Yabancı,2012,Edirne,0
Yabancı,2012,Elazig,1
Yabancı,2012,Erzincan,2
Yabancı,2012,Erzurum,4
Yabancı,2012,Eskisehir,31
Yabancı,2012,Gaziantep,44
Yabancı,2012,Giresun,6
Yabancı,2012,Gumushane,3
Yabancı,2012,Hakkari,1
Yabancı,2012,Hatay,1
Yabancı,2012,Igdir,0
Yabancı,2012,Isparta,0
Yabancı,2012,Istanbul,475
Yabancı,2012,Izmir,121
Yabancı,2012,Kahramanmaras,0
Yabancı,2012,Karabuk,2
Yabancı,2012,Karaman,0
Yabancı,2012,Kars,0
Yabancı,2012,Kastamonu,0
Yabancı,2012,Kayseri,11
Yabancı,2012,Kilis,0
Yabancı,2012,Kirikkale,4
Yabancı,2012,Kirklareli,4
Yabancı,2012,Kirsehir,0
Yabancı,2012,Kocaeli,16
Yabancı,2012,Konya,13
Yabancı,2012,Kutahya,0
Yabancı,2012,Malatya,0
Yabancı,2012,Manisa,7
Yabancı,2012,Mardin,2
Yabancı,2012,Mersin,0
Yabancı,2012,Mugla,2
Yabancı,2012,Mus,0
Yabancı,2012,Nevsehir,0
Yabancı,2012,Nigde,0
Yabancı,2012,Ordu,5
Yabancı,2012,Osmaniye,0
Yabancı,2012,Rize,6
Yabancı,2012,Sakarya,20
Yabancı,2012,Samsun,32
Yabancı,2012,Sanliurfa,1
Yabancı,2012,Siirt,2
Yabancı,2012,Sinop,4
Yabancı,2012,Sirnak,0
Yabancı,2012,Sivas,0
Yabancı,2012,Tekirdag,9
Yabancı,2012,Tokat,0
Yabancı,2012,Trabzon,12
Yabancı,2012,Tunceli,0
Yabancı,2012,Usak,4
Yabancı,2012,Van,4
Yabancı,2012,Yalova,7
Yabancı,2012,Yozgat,1
Yabancı,2012,Zonguldak,21
Yabancı,2013,Adana,41
Yabancı,2013,Adiyaman,0
Yabancı,2013,Afyonkarahisar,0
Yabancı,2013,Agri,0
Yabancı,2013,Aksaray,0
Yabancı,2013,Amasya,0
Yabancı,2013,Ankara,79
Yabancı,2013,Antalya,22
Yabancı,2013,Ardahan,0
Yabancı,2013,Artvin,0
Yabancı,2013,Aydin,2
Yabancı,2013,Balikesir,2
Yabancı,2013,Bartin,0
Yabancı,2013,Batman,0
Yabancı,2013,Bayburt,0
Yabancı,2013,Bilecik,0
Yabancı,2013,Bingol,1
Yabancı,2013,Bitlis,0
Yabancı,2013,Bolu,0
Yabancı,2013,Burdur,0
Yabancı,2013,Bursa,28
Yabancı,2013,Canakkale,4
Yabancı,2013,Cankiri,0
Yabancı,2013,Corum,0
Yabancı,2013,Denizli,1
Yabancı,2013,Diyarbakir,16
Yabancı,2013,Duzce,1
Yabancı,2013,Edirne,1
Yabancı,2013,Elazig,0
Yabancı,2013,Erzincan,0
Yabancı,2013,Erzurum,13
Yabancı,2013,Eskisehir,23
Yabancı,2013,Gaziantep,1
Yabancı,2013,Giresun,3
Yabancı,2013,Gumushane,0
Yabancı,2013,Hakkari,0
Yabancı,2013,Hatay,0
Yabancı,2013,Igdir,0
Yabancı,2013,Isparta,4
Yabancı,2013,Istanbul,479
Yabancı,2013,Izmir,107
Yabancı,2013,Kahramanmaras,0
Yabancı,2013,Karabuk,3
Yabancı,2013,Karaman,0
Yabancı,2013,Kars,0
Yabancı,2013,Kastamonu,0
Yabancı,2013,Kayseri,6
Yabancı,2013,Kilis,0
Yabancı,2013,Kirikkale,0
Yabancı,2013,Kirklareli,2
Yabancı,2013,Kirsehir,0
Yabancı,2013,Kocaeli,15
Yabancı,2013,Konya,7
Yabancı,2013,Kutahya,0
Yabancı,2013,Malatya,1
Yabancı,2013,Manisa,4
Yabancı,2013,Mardin,0
Yabancı,2013,Mersin,7
Yabancı,2013,Mugla,0
Yabancı,2013,Mus,0
Yabancı,2013,Nevsehir,0
Yabancı,2013,Nigde,0
Yabancı,2013,Ordu,2
Yabancı,2013,Osmaniye,0
Yabancı,2013,Rize,0
Yabancı,2013,Sakarya,2
Yabancı,2013,Samsun,14
Yabancı,2013,Sanliurfa,2
Yabancı,2013,Siirt,0
Yabancı,2013,Sinop,0
Yabancı,2013,Sirnak,0
Yabancı,2013,Sivas,10
Yabancı,2013,Tekirdag,0
Yabancı,2013,Tokat,1
Yabancı,2013,Trabzon,8
Yabancı,2013,Tunceli,0
Yabancı,2013,Usak,1
Yabancı,2013,Van,4
Yabancı,2013,Yalova,0
Yabancı,2013,Yozgat,0
Yabancı,2013,Zonguldak,1
Yabancı,2014,Adana,25
Yabancı,2014,Adiyaman,0
Yabancı,2014,Afyonkarahisar,1
Yabancı,2014,Agri,0
Yabancı,2014,Aksaray,0
Yabancı,2014,Amasya,0
Yabancı,2014,Ankara,85
Yabancı,2014,Antalya,16
Yabancı,2014,Ardahan,0
Yabancı,2014,Artvin,1
Yabancı,2014,Aydin,15
Yabancı,2014,Balikesir,7
Yabancı,2014,Bartin,0
Yabancı,2014,Batman,3
Yabancı,2014,Bayburt,1
Yabancı,2014,Bilecik,0
Yabancı,2014,Bingol,1
Yabancı,2014,Bitlis,0
Yabancı,2014,Bolu,6
Yabancı,2014,Burdur,2
Yabancı,2014,Bursa,30
Yabancı,2014,Canakkale,7
Yabancı,2014,Cankiri,0
Yabancı,2014,Corum,6
Yabancı,2014,Denizli,25
Yabancı,2014,Diyarbakir,5
Yabancı,2014,Duzce,1
Yabancı,2014,Edirne,2
Yabancı,2014,Elazig,9
Yabancı,2014,Erzincan,2
Yabancı,2014,Erzurum,7
Yabancı,2014,Eskisehir,27
Yabancı,2014,Gaziantep,4
Yabancı,2014,Giresun,2
Yabancı,2014,Gumushane,1
Yabancı,2014,Hakkari,0
Yabancı,2014,Hatay,4
Yabancı,2014,Igdir,2
Yabancı,2014,Isparta,1
Yabancı,2014,Istanbul,433
Yabancı,2014,Izmir,81
Yabancı,2014,Kahramanmaras,0
Yabancı,2014,Karabuk,1
Yabancı,2014,Karaman,0
Yabancı,2014,Kars,0
Yabancı,2014,Kastamonu,0
Yabancı,2014,Kayseri,2
Yabancı,2014,Kilis,0
Yabancı,2014,Kirikkale,0
Yabancı,2014,Kirklareli,0
Yabancı,2014,Kirsehir,0
Yabancı,2014,Kocaeli,18
Yabancı,2014,Konya,19
Yabancı,2014,Kutahya,1
Yabancı,2014,Malatya,6
Yabancı,2014,Manisa,51
Yabancı,2014,Mardin,1
Yabancı,2014,Mersin,13
Yabancı,2014,Mugla,6
Yabancı,2014,Mus,0
Yabancı,2014,Nevsehir,2
Yabancı,2014,Nigde,1
Yabancı,2014,Ordu,1
Yabancı,2014,Osmaniye,2
Yabancı,2014,Rize,0
Yabancı,2014,Sakarya,9
Yabancı,2014,Samsun,13
Yabancı,2014,Sanliurfa,1
Yabancı,2014,Siirt,8
Yabancı,2014,Sinop,0
Yabancı,2014,Sirnak,0
Yabancı,2014,Sivas,1
Yabancı,2014,Tekirdag,7
Yabancı,2014,Tokat,0
Yabancı,2014,Trabzon,9
Yabancı,2014,Tunceli,2
Yabancı,2014,Usak,9
Yabancı,2014,Van,2
Yabancı,2014,Yalova,2
Yabancı,2014,Yozgat,0
Yabancı,2014,Zonguldak,12
Yabancı,2015,Adana,15
Yabancı,2015,Adiyaman,0
Yabancı,2015,Afyonkarahisar,0
Yabancı,2015,Agri,0
Yabancı,2015,Aksaray,0
Yabancı,2015,Amasya,0
Yabancı,2015,Ankara,62
Yabancı,2015,Antalya,13
Yabancı,2015,Ardahan,1
Yabancı,2015,Artvin,3
Yabancı,2015,Aydin,2
Yabancı,2015,Balikesir,4
Yabancı,2015,Bartin,0
Yabancı,2015,Batman,1
Yabancı,2015,Bayburt,0
Yabancı,2015,Bilecik,0
Yabancı,2015,Bingol,0
Yabancı,2015,Bitlis,0
Yabancı,2015,Bolu,1
Yabancı,2015,Burdur,0
Yabancı,2015,Bursa,41
Yabancı,2015,Canakkale,5
Yabancı,2015,Cankiri,0
Yabancı,2015,Corum,6
Yabancı,2015,Denizli,13
Yabancı,2015,Diyarbakir,8
Yabancı,2015,Duzce,2
Yabancı,2015,Edirne,1
Yabancı,2015,Elazig,10
Yabancı,2015,Erzincan,0
Yabancı,2015,Erzurum,6
Yabancı,2015,Eskisehir,30
Yabancı,2015,Gaziantep,6
Yabancı,2015,Giresun,4
Yabancı,2015,Gumushane,0
Yabancı,2015,Hakkari,0
Yabancı,2015,Hatay,8
Yabancı,2015,Igdir,1
Yabancı,2015,Isparta,0
Yabancı,2015,Istanbul,505
Yabancı,2015,Izmir,87
Yabancı,2015,Kahramanmaras,5
Yabancı,2015,Karabuk,5
Yabancı,2015,Karaman,0
Yabancı,2015,Kars,0
Yabancı,2015,Kastamonu,0
Yabancı,2015,Kayseri,0
Yabancı,2015,Kilis,0
Yabancı,2015,Kirikkale,0
Yabancı,2015,Kirklareli,4
Yabancı,2015,Kirsehir,1
Yabancı,2015,Kocaeli,18
Yabancı,2015,Konya,14
Yabancı,2015,Kutahya,0
Yabancı,2015,Malatya,9
Yabancı,2015,Manisa,4
Yabancı,2015,Mardin,0
Yabancı,2015,Mersin,7
Yabancı,2015,Mugla,4
Yabancı,2015,Mus,0
Yabancı,2015,Nevsehir,1
Yabancı,2015,Nigde,0
Yabancı,2015,Ordu,3
Yabancı,2015,Osmaniye,0
Yabancı,2015,Rize,1
Yabancı,2015,Sakarya,11
Yabancı,2015,Samsun,5
Yabancı,2015,Sanliurfa,3
Yabancı,2015,Siirt,0
Yabancı,2015,Sinop,0
Yabancı,2015,Sirnak,0
Yabancı,2015,Sivas,1
Yabancı,2015,Tekirdag,4
Yabancı,2015,Tokat,0
Yabancı,2015,Trabzon,39
Yabancı,2015,Tunceli,0
Yabancı,2015,Usak,9
Yabancı,2015,Van,7
Yabancı,2015,Yalova,5
Yabancı,2015,Yozgat,0
Yabancı,2015,Zonguldak,10
Yabancı,2016,Adana,26
Yabancı,2016,Adiyaman,0
Yabancı,2016,Afyonkarahisar,0
Yabancı,2016,Agri,0
Yabancı,2016,Aksaray,4
Yabancı,2016,Amasya,0
Yabancı,2016,Ankara,75
Yabancı,2016,Antalya,17
Yabancı,2016,Ardahan,0
Yabancı,2016,Artvin,0
Yabancı,2016,Aydin,11
Yabancı,2016,Balikesir,5
Yabancı,2016,Bartin,1
Yabancı,2016,Batman,4
Yabancı,2016,Bayburt,0
Yabancı,2016,Bilecik,0
Yabancı,2016,Bingol,0
Yabancı,2016,Bitlis,2
Yabancı,2016,Bolu,5
Yabancı,2016,Burdur,4
Yabancı,2016,Bursa,24
Yabancı,2016,Canakkale,1
Yabancı,2016,Cankiri,0
Yabancı,2016,Corum,6
Yabancı,2016,Denizli,43
Yabancı,2016,Diyarbakir,8
Yabancı,2016,Duzce,0
Yabancı,2016,Edirne,5
Yabancı,2016,Elazig,11
Yabancı,2016,Erzincan,0
Yabancı,2016,Erzurum,1
Yabancı,2016,Eskisehir,37
Yabancı,2016,Gaziantep,0
Yabancı,2016,Giresun,5
Yabancı,2016,Gumushane,0
Yabancı,2016,Hakkari,0
Yabancı,2016,Hatay,12
Yabancı,2016,Igdir,0
Yabancı,2016,Isparta,0
Yabancı,2016,Istanbul,558
Yabancı,2016,Izmir,71
Yabancı,2016,Kahramanmaras,7
Yabancı,2016,Karabuk,21
Yabancı,2016,Karaman,1
Yabancı,2016,Kars,0
Yabancı,2016,Kastamonu,0
Yabancı,2016,Kayseri,6
Yabancı,2016,Kilis,0
Yabancı,2016,Kirikkale,1
Yabancı,2016,Kirklareli,5
Yabancı,2016,Kirsehir,1
Yabancı,2016,Kocaeli,22
Yabancı,2016,Konya,14
Yabancı,2016,Kutahya,0
Yabancı,2016,Malatya,9
Yabancı,2016,Manisa,6
Yabancı,2016,Mardin,0
Yabancı,2016,Mersin,17
Yabancı,2016,Mugla,12
Yabancı,2016,Mus,0
Yabancı,2016,Nevsehir,4
Yabancı,2016,Nigde,0
Yabancı,2016,Ordu,2
Yabancı,2016,Osmaniye,0
Yabancı,2016,Rize,1
Yabancı,2016,Sakarya,20
Yabancı,2016,Samsun,13
Yabancı,2016,Sanliurfa,1
Yabancı,2016,Siirt,0
Yabancı,2016,Sinop,0
Yabancı,2016,Sirnak,0
Yabancı,2016,Sivas,7
Yabancı,2016,Tekirdag,1
Yabancı,2016,Tokat,1
Yabancı,2016,Trabzon,13
Yabancı,2016,Tunceli,0
Yabancı,2016,Usak,1
Yabancı,2016,Van,0
Yabancı,2016,Yalova,0
Yabancı,2016,Yozgat,1
Yabancı,2016,Zonguldak,21
Yabancı,2016,NA,NA
